App,Sentiment,ReviewCount
10 Best Foods for You,Positive,162
10 Best Foods for You,Neutral,22
10 Best Foods for You,Negative,10
"104 æ‰¾å·¥ä½?- æ‰¾å·¥ä½?æ‰¾æ‰“å·?æ‰¾å…¼è?å±¥æ­·å¥æª¢ å±¥æ­·è¨ºç™‚å®?""Very effective",Positive,1
"104 æ‰¾å·¥ä½?- æ‰¾å·¥ä½?æ‰¾æ‰“å·?æ‰¾å…¼è?å±¥æ­·å¥æª¢ å±¥æ­·è¨ºç™‚å®?""Not bad",Negative,1
"104 æ‰¾å·¥ä½?- æ‰¾å·¥ä½?æ‰¾æ‰“å·?æ‰¾å…¼è?å±¥æ­·å¥æª¢ å±¥æ­·è¨ºç™‚å®?""Well",Neutral,1
"104 æ‰¾å·¥ä½?- æ‰¾å·¥ä½?æ‰¾æ‰“å·?æ‰¾å…¼è?å±¥æ­·å¥æª¢ å±¥æ­·è¨ºç™‚å®?""The operation interface & information content is richer than 1111",Positive,1
"104 æ‰¾å·¥ä½?- æ‰¾å·¥ä½?æ‰¾æ‰“å·?æ‰¾å…¼è?å±¥æ­·å¥æª¢ å±¥æ­·è¨ºç™‚å®?""Useful handy terminal mobile devices",Positive,1
"104 æ‰¾å·¥ä½?- æ‰¾å·¥ä½?æ‰¾æ‰“å·?æ‰¾å…¼è?å±¥æ­·å¥æª¢ å±¥æ­·è¨ºç™‚å®?""Convenient",Positive,1
11st,Negative,7
11st,Positive,23
11st,Neutral,10
1800 Contacts - Lens Store,Positive,64
1800 Contacts - Lens Store,Negative,6
1800 Contacts - Lens Store,Neutral,10
1LINE â€?One Line with One Touch,Negative,8
1LINE â€?One Line with One Touch,Positive,27
1LINE â€?One Line with One Touch,Neutral,3
2018Emoji Keyboard ğŸ˜‚ Emoticons Lite -sticker&gif,Positive,24
2018Emoji Keyboard ğŸ˜‚ Emoticons Lite -sticker&gif,Neutral,6
2018Emoji Keyboard ğŸ˜‚ Emoticons Lite -sticker&gif,Negative,1
21-Day Meditation Experience,Negative,10
21-Day Meditation Experience,Positive,68
21-Day Meditation Experience,Neutral,2
"2Date Dating App, Love and matching",Positive,26
"2Date Dating App, Love and matching",Negative,7
"2Date Dating App, Love and matching",Neutral,5
2GIS: directory & navigator,Positive,23
2GIS: directory & navigator,Neutral,11
2GIS: directory & navigator,Negative,6
2RedBeans,Neutral,6
2RedBeans,Positive,31
2RedBeans,Negative,2
2ndLine - Second Phone Number,Positive,17
2ndLine - Second Phone Number,Neutral,16
2ndLine - Second Phone Number,Negative,7
30 Day Fitness Challenge - Workout at Home,Positive,27
30 Day Fitness Challenge - Workout at Home,Negative,2
30 Day Fitness Challenge - Workout at Home,Neutral,2
365Scores - Live Scores,Positive,5
365Scores - Live Scores,Neutral,2
3D Live Neon Weed Launcher,Positive,2
4 in a Row,Positive,16
4 in a Row,Negative,3
4K Wallpapers and Ultra HD Backgrounds,Positive,7
4K Wallpapers and Ultra HD Backgrounds,Negative,2
"591æˆ¿å±‹äº¤æ˜“-ç§Ÿå±‹ã€ä¸­å¤å±‹ã€æ–°å»ºæ¡ˆã€å¯¦åƒ¹ç™»éŒ„ã€åˆ¥å¢…é€å¤©ã€å…¬å¯“å¥—æˆ¿ã€æ·é‹ã€è²·æˆ¿è³£æˆ¿è¡Œæƒ…ã€æˆ¿åƒ¹æˆ¿è²¸æŸ¥è©?""Personal collection can't synchronize with the web version. The same account is added to the collection on the computer. After the app is logged in",Neutral,1
"591æˆ¿å±‹äº¤æ˜“-ç§Ÿå±‹ã€ä¸­å¤å±‹ã€æ–°å»ºæ¡ˆã€å¯¦åƒ¹ç™»éŒ„ã€åˆ¥å¢…é€å¤©ã€å…¬å¯“å¥—æˆ¿ã€æ·é‹ã€è²·æˆ¿è³£æˆ¿è¡Œæƒ…ã€æˆ¿åƒ¹æˆ¿è²¸æŸ¥è©?""Essential This essential foreigners living Taiwan",Positive,1
"591æˆ¿å±‹äº¤æ˜“-ç§Ÿå±‹ã€ä¸­å¤å±‹ã€æ–°å»ºæ¡ˆã€å¯¦åƒ¹ç™»éŒ„ã€åˆ¥å¢…é€å¤©ã€å…¬å¯“å¥—æˆ¿ã€æ·é‹ã€è²·æˆ¿è³£æˆ¿è¡Œæƒ…ã€æˆ¿åƒ¹æˆ¿è²¸æŸ¥è©?""What guys Tencent? There's folder called /tencent/Tpush/ installed root directory internal storage updated latest version. The log directory show receiving pushed contents com.tencent.andriod.tpush.action.SDK. Your shows Taiwan company",Positive,0
"591æˆ¿å±‹äº¤æ˜“-ç§Ÿå±‹ã€ä¸­å¤å±‹ã€æ–°å»ºæ¡ˆã€å¯¦åƒ¹ç™»éŒ„ã€åˆ¥å¢…é€å¤©ã€å…¬å¯“å¥—æˆ¿ã€æ·é‹ã€è²·æˆ¿è³£æˆ¿è¡Œæƒ…ã€æˆ¿åƒ¹æˆ¿è²¸æŸ¥è©?""Please fix the update",Neutral,1
591æˆ¿å±‹äº¤æ˜“-é¦™æ¸¯,Positive,5
591æˆ¿å±‹äº¤æ˜“-é¦™æ¸¯,Neutral,3
591æˆ¿å±‹äº¤æ˜“-é¦™æ¸¯,Negative,1
7 Cups: Anxiety & Stress Chat,Positive,7
7 Cups: Anxiety & Stress Chat,Negative,1
7 Day Food Journal Challenge,Positive,9
7 Minute Workout,Positive,10
7 Minute Workout,Negative,1
7 Weeks - Habit & Goal Tracker,Negative,4
7 Weeks - Habit & Goal Tracker,Positive,10
8 Ball Pool,Negative,106
8 Ball Pool,Positive,104
8 Ball Pool,Neutral,9
850 Sports News Digest,Positive,37
850 Sports News Digest,Negative,1
8fit Workouts & Meal Planner,Negative,19
8fit Workouts & Meal Planner,Positive,137
8fit Workouts & Meal Planner,Neutral,15
95Live -SG#1 Live Streaming App,Positive,32
95Live -SG#1 Live Streaming App,Negative,20
95Live -SG#1 Live Streaming App,Neutral,24
A Call From Santa Claus!,Positive,20
A Call From Santa Claus!,Negative,14
A Word A Day,Neutral,1
A Word A Day,Positive,3
A&E - Watch Full Episodes of TV Shows,Positive,30
A&E - Watch Full Episodes of TV Shows,Neutral,5
A&E - Watch Full Episodes of TV Shows,Negative,3
A+ Gallery - Photos & Videos,Negative,7
A+ Gallery - Photos & Videos,Positive,24
A+ Gallery - Photos & Videos,Neutral,10
A+ Mobile,Negative,9
A+ Mobile,Positive,57
A+ Mobile,Neutral,18
ABC Kids - Tracing & Phonics,Positive,30
ABC Kids - Tracing & Phonics,Negative,1
ABC Kids - Tracing & Phonics,Neutral,6
ABC News - US & World News,Negative,29
ABC News - US & World News,Positive,18
ABC News - US & World News,Neutral,23
ABC Preschool Free,Positive,19
ABC Preschool Free,Negative,8
ABC Preschool Free,Neutral,9
ABCmouse.com,Positive,25
ABCmouse.com,Negative,9
ABCmouse.com,Neutral,2
"AC - Tips & News for Androidâ„?""Absolutely horrible",Neutral,1
"AC - Tips & News for Androidâ„?""Too many ads lot good write ups. Sometimes",Positive,1
"AC - Tips & News for Androidâ„?""Ads everywhere",Negative,1
"AC - Tips & News for Androidâ„?""Android Central awesome. Great source information device upcoming updates",Positive,1
"AC - Tips & News for Androidâ„?""Asked question",Neutral,1
"AC - Tips & News for Androidâ„?""A big THANK YOU devs making already great even better. Love night mode abundance font size options",Positive,1
ACE Elite,Neutral,7
ACE Elite,Negative,4
ACE Elite,Positive,22
"AD - Nieuws, Sport, Regio & Entertainment",Positive,13
"AD - Nieuws, Sport, Regio & Entertainment",Negative,3
"AD - Nieuws, Sport, Regio & Entertainment",Neutral,3
AMC Theatres,Negative,1
AMC Theatres,Positive,5
ANA,Negative,11
ANA,Neutral,10
ANA,Positive,6
"AOL - News, Mail & Video",Positive,17
"AOL - News, Mail & Video",Negative,7
"AOL - News, Mail & Video",Neutral,9
AP Mobile - Breaking News,Positive,31
AP Mobile - Breaking News,Negative,4
AP Mobile - Breaking News,Neutral,1
APE Weather ( Live Forecast),Negative,2
APE Weather ( Live Forecast),Positive,25
APE Weather ( Live Forecast),Neutral,6
"APUS Launcher - Theme, Wallpaper, Hide Apps",Positive,25
"APUS Launcher - Theme, Wallpaper, Hide Apps",Negative,4
"APUS Launcher - Theme, Wallpaper, Hide Apps",Neutral,2
ARY NEWS,Negative,6
ARY NEWS,Neutral,9
ARY NEWS,Positive,17
ARY NEWS URDU,Neutral,8
ARY NEWS URDU,Positive,19
ARY NEWS URDU,Negative,7
ASOS,Negative,5
ASOS,Positive,44
ASOS,Neutral,8
ASUS Calling Screen,Positive,9
ASUS Calling Screen,Neutral,10
ASUS Calling Screen,Negative,5
ASUS Cover for ZenFone 2,Neutral,2
ASUS Cover for ZenFone 2,Positive,3
ASUS Cover for ZenFone 2,Negative,1
ASUS Quick Memo,Neutral,1
ASUS Quick Memo,Positive,1
ASUS Sound Recorder,Negative,2
ASUS Sound Recorder,Neutral,1
ASUS Sound Recorder,Positive,13
ASUS SuperNote,Positive,14
ASUS SuperNote,Neutral,4
ASUS SuperNote,Negative,5
"AT&T Navigator: Maps, Traffic",Positive,16
"AT&T Navigator: Maps, Traffic",Neutral,4
"AT&T Navigator: Maps, Traffic",Negative,9
AT&T Smart Wi-Fi,Positive,11
AT&T Smart Wi-Fi,Neutral,8
AT&T Smart Wi-Fi,Negative,1
AT&T Visual Voicemail,Positive,11
AT&T Visual Voicemail,Negative,9
AT&T Visual Voicemail,Neutral,5
"AVG Cleaner â€?Speed, Battery & Memory Booster",Positive,29
"AVG Cleaner â€?Speed, Battery & Memory Booster",Negative,5
"AVG Cleaner â€?Speed, Battery & Memory Booster",Neutral,1
Abs Training-Burn belly fat,Positive,25
Abs Training-Burn belly fat,Negative,6
Abs Training-Burn belly fat,Neutral,5
Account Manager,Positive,11
Account Manager,Negative,18
Account Manager,Neutral,4
Accounting App - Zoho Books,Neutral,9
Accounting App - Zoho Books,Positive,56
Accounting App - Zoho Books,Negative,6
AccuWeather: Daily Forecast & Live Weather Reports,Positive,23
AccuWeather: Daily Forecast & Live Weather Reports,Neutral,4
AccuWeather: Daily Forecast & Live Weather Reports,Negative,5
Acorn TV: World-class TV from Britain and Beyond,Negative,7
Acorn TV: World-class TV from Britain and Beyond,Positive,14
Acorn TV: World-class TV from Britain and Beyond,Neutral,2
Acorns - Invest Spare Change,Positive,2
Acorns - Invest Spare Change,Negative,1
Acorns - Invest Spare Change,Neutral,2
AdWords Express,Positive,20
AdWords Express,Neutral,28
AdWords Express,Negative,2
Ada - Your Health Guide,Positive,54
Ada - Your Health Guide,Neutral,4
Ada - Your Health Guide,Negative,5
Add Text To Photo,Negative,6
Add Text To Photo,Positive,18
Add Text To Photo,Neutral,10
Adobe Acrobat Reader,Positive,119
Adobe Acrobat Reader,Negative,28
Adobe Acrobat Reader,Neutral,15
Adobe Photoshop Express:Photo Editor Collage Maker,Positive,32
Adobe Photoshop Express:Photo Editor Collage Maker,Negative,8
Adobe Photoshop Express:Photo Editor Collage Maker,Neutral,2
Advanced Task Killer,Positive,11
Advanced Task Killer,Negative,3
Advanced Task Killer,Neutral,1
Agar.io,Positive,60
Agar.io,Negative,66
Agar.io,Neutral,10
Age Calculator,Positive,19
Age Calculator,Negative,9
Age Calculator,Neutral,4
Agoda â€?Hotel Booking Deals,Negative,2
Agoda â€?Hotel Booking Deals,Positive,30
Agoda â€?Hotel Booking Deals,Neutral,3
Air Traffic,Positive,16
Air Traffic,Negative,3
Air Traffic,Neutral,3
AirAsia,Neutral,3
AirAsia,Negative,10
AirAsia,Positive,8
AirBrush: Easy Photo Editor,Positive,17
AirBrush: Easy Photo Editor,Neutral,5
AirBrush: Easy Photo Editor,Negative,1
Airbnb,Positive,36
Airbnb,Negative,19
Airbnb,Neutral,7
Airport + Flight Tracker Radar,Positive,13
Airport + Flight Tracker Radar,Neutral,2
Airport + Flight Tracker Radar,Negative,7
Airway Ex - Intubate. Anesthetize. Train.,Positive,25
Airway Ex - Intubate. Anesthetize. Train.,Neutral,6
Airway Ex - Intubate. Anesthetize. Train.,Negative,8
Akinator,Negative,18
Akinator,Positive,19
Akinator,Neutral,1
AlReader -any text book reader,Positive,24
AlReader -any text book reader,Negative,6
AlReader -any text book reader,Neutral,9
Alarm Clock,Positive,22
Alarm Clock,Negative,4
Alarm Clock,Neutral,9
Alarm Clock Free,Negative,5
Alarm Clock Free,Positive,19
Alarm Clock Free,Neutral,10
Alfred Home Security Camera,Positive,21
Alfred Home Security Camera,Neutral,9
"AliExpress - Smarter Shopping, Better Living",Negative,16
"AliExpress - Smarter Shopping, Better Living",Positive,29
All Email Providers,Positive,3
All Email Providers,Negative,2
All Events in City,Positive,23
All Events in City,Neutral,2
All Football - Latest News & Videos,Positive,27
All Football - Latest News & Videos,Negative,3
All Football - Latest News & Videos,Neutral,2
"All Football GO- Live Score, Games",Positive,30
"All Football GO- Live Score, Games",Neutral,5
"All Football GO- Live Score, Games",Negative,1
All Language Translator Free,Positive,12
All Language Translator Free,Neutral,5
All Maths Formulas,Positive,22
All Maths Formulas,Neutral,6
All Maths Formulas,Negative,1
All Mental disorders,Negative,12
All Mental disorders,Positive,43
All Mental disorders,Neutral,10
All Social Networks,Positive,12
All Social Networks,Negative,17
All Social Networks,Neutral,5
All Video Downloader 2018,Positive,23
All Video Downloader 2018,Neutral,8
All Video Downloader 2018,Negative,3
"All-In-One Toolbox: Cleaner, Booster, App Manager",Negative,4
"All-In-One Toolbox: Cleaner, Booster, App Manager",Neutral,3
"All-In-One Toolbox: Cleaner, Booster, App Manager",Positive,15
All-in-One Mahjong 3 FREE,Positive,1
Allegiant,Positive,2
Allegiant,Neutral,1
Allrecipes Dinner Spinner,Positive,15
Allrecipes Dinner Spinner,Negative,3
Alto's Adventure,Negative,68
Alto's Adventure,Positive,101
Amazon Drive,Negative,12
Amazon Drive,Positive,18
Amazon Drive,Neutral,4
"Amazon FreeTime â€?Kidsâ€?Videos, Books, & TV shows",Positive,28
"Amazon FreeTime â€?Kidsâ€?Videos, Books, & TV shows",Negative,3
"Amazon FreeTime â€?Kidsâ€?Videos, Books, & TV shows",Neutral,4
Amazon Kindle,Positive,61
Amazon Kindle,Negative,31
Amazon Kindle,Neutral,17
Amazon Prime Video,Positive,2
Amazon Shopping,Negative,13
Amazon Shopping,Positive,22
Amazon Shopping,Neutral,10
Amazon for Tablets,Positive,10
Amazon for Tablets,Neutral,3
Amazon for Tablets,Negative,7
American Airlines,Negative,19
American Airlines,Positive,20
American Airlines,Neutral,4
Amex Mobile,Positive,20
Amex Mobile,Negative,8
Amex Mobile,Neutral,8
Amino: Communities and Chats,Positive,23
Amino: Communities and Chats,Negative,12
Amtrak,Negative,16
Amtrak,Positive,11
Amtrak,Neutral,12
Anatomy Learning - 3D Atlas,Positive,28
Anatomy Learning - 3D Atlas,Negative,5
Anatomy Learning - 3D Atlas,Neutral,3
Ancestry,Positive,28
Ancestry,Negative,4
Ancestry,Neutral,5
AndroZipâ„?FREE File Manager,Positive,21
AndroZipâ„?FREE File Manager,Negative,10
AndroZipâ„?FREE File Manager,Neutral,8
"Android Auto - Maps, Media, Messaging & Voice",Positive,30
"Android Auto - Maps, Media, Messaging & Voice",Negative,1
Android Messages,Negative,16
Android Messages,Positive,23
Android Messages,Neutral,4
Anger of stick 5 : zombie,Negative,1
Anger of stick 5 : zombie,Positive,2
Angry Birds 2,Positive,16
Angry Birds 2,Negative,13
Angry Birds Classic,Negative,147
Angry Birds Classic,Positive,124
Angry Birds Classic,Neutral,2
Angry Birds Rio,Negative,23
Angry Birds Rio,Positive,15
Angry Birds Rio,Neutral,1
Animal Planet GO,Positive,14
Animal Planet GO,Negative,3
Animal Planet GO,Neutral,4
Animated Photo Editor,Positive,21
Animated Photo Editor,Negative,4
Animated Photo Editor,Neutral,10
Anime Avatar Creator: Make Your Own Avatar,Negative,9
Anime Avatar Creator: Make Your Own Avatar,Neutral,1
Anime Avatar Creator: Make Your Own Avatar,Positive,18
Anime Manga Coloring Book,Positive,19
Anime Manga Coloring Book,Negative,3
Anime Manga Coloring Book,Neutral,2
Anthem Anywhere,Negative,28
Anthem Anywhere,Neutral,18
Anthem Anywhere,Positive,19
Anthem BC Anywhere,Positive,8
Anthem BC Anywhere,Neutral,11
Anthem BC Anywhere,Negative,12
"Any.do: To-do list, Calendar, Reminders & Planner",Positive,73
"Any.do: To-do list, Calendar, Reminders & Planner",Neutral,11
"Any.do: To-do list, Calendar, Reminders & Planner",Negative,13
Apartment Decorating Ideas,Positive,1
"Apartment List: Housing, Apt, and Property Rentals",Positive,42
"Apartment List: Housing, Apt, and Property Rentals",Negative,2
"Apartment List: Housing, Apt, and Property Rentals",Neutral,3
"Apartment, Home Rental Search: Realtor.com Rentals",Negative,10
"Apartment, Home Rental Search: Realtor.com Rentals",Positive,12
"Apartment, Home Rental Search: Realtor.com Rentals",Neutral,3
Apartments & Rentals - Zillow,Negative,2
Apartments & Rentals - Zillow,Positive,28
Apartments & Rentals - Zillow,Neutral,14
Apartments.com Rental Search,Positive,32
Apartments.com Rental Search,Negative,19
Apartments.com Rental Search,Neutral,18
Apex Launcher,Positive,37
Apex Launcher,Neutral,7
Apex Launcher,Negative,16
Apk Installer,Positive,18
Apk Installer,Neutral,3
Apk Installer,Negative,6
App vault,Positive,8
App vault,Negative,10
App vault,Neutral,3
AppLock,Positive,6
AppLock,Negative,7
AppLock - Fingerprint,Positive,16
AppLock - Fingerprint,Negative,3
"Apple Daily è˜‹æœå‹•æ–°è?""Data consumption huge",Positive,1
"Apple Daily è˜‹æœå‹•æ–°è?""Ads pop-up times sensitive u accidentally easily. Even worse clicking ads",Negative,1
"Apple Daily è˜‹æœå‹•æ–°è?""Keep receiving Apple news notification",Positive,1
"Apple Daily è˜‹æœå‹•æ–°è?""Since the update is finished",Neutral,1
"Apple Daily è˜‹æœå‹•æ–°è?""So annoying! Every time go back is the first news back to the previous board. If you want to drop the dd news",Negative,1
"Apple Daily è˜‹æœå‹•æ–°è?""For many years",Positive,1
"Apple Daily è˜‹æœå‹•æ–°è?""No news pop long time",Negative,1
Aprender inglÃ©s con Wlingua,Positive,53
Aprender inglÃ©s con Wlingua,Neutral,2
Aprender inglÃ©s con Wlingua,Negative,1
Archos File Manager,Negative,8
Archos File Manager,Neutral,9
Archos File Manager,Positive,14
Arrow.io,Neutral,14
Arrow.io,Positive,53
Arrow.io,Negative,28
Asana: organize team projects,Positive,33
Asana: organize team projects,Neutral,5
Asana: organize team projects,Negative,5
Ascape VR: 360Â° Virtual Travel,Positive,10
Ascape VR: 360Â° Virtual Travel,Neutral,4
Ascape VR: 360Â° Virtual Travel,Negative,4
Asphalt 8: Airborne,Positive,39
Asphalt 8: Airborne,Negative,31
Asphalt 8: Airborne,Neutral,3
Associated Credit Union Mobile,Negative,1
Associated Credit Union Mobile,Positive,30
Associated Credit Union Mobile,Neutral,4
Asteroids 3D live wallpaper,Neutral,6
Asteroids 3D live wallpaper,Positive,21
Asteroids 3D live wallpaper,Negative,4
Atlan3D Navigation: Korea navigator,Neutral,11
Atlan3D Navigation: Korea navigator,Positive,22
Atlan3D Navigation: Korea navigator,Negative,2
AutoCAD - DWG Viewer & Editor,Positive,16
AutoCAD - DWG Viewer & Editor,Negative,12
AutoCAD - DWG Viewer & Editor,Neutral,7
AutoScout24 Switzerland â€?Find your new car,Negative,3
AutoScout24 Switzerland â€?Find your new car,Positive,30
AutoScout24 Switzerland â€?Find your new car,Neutral,4
Avakin Life - 3D virtual world,Positive,51
Avakin Life - 3D virtual world,Negative,15
Avakin Life - 3D virtual world,Neutral,1
Aviary Effects: Classic,Positive,26
Aviary Effects: Classic,Negative,9
Aviary Effects: Classic,Neutral,2
Aviary Stickers: Free Pack,Positive,23
Aviary Stickers: Free Pack,Negative,12
Aviary Stickers: Free Pack,Neutral,2
Azar,Negative,25
Azar,Positive,36
Azar,Neutral,29
Azpen eReader,Positive,15
Azpen eReader,Negative,4
Azpen eReader,Neutral,3
B612 - Beauty & Filter Camera,Positive,9
B612 - Beauty & Filter Camera,Negative,5
B612 - Beauty & Filter Camera,Neutral,2
BBC Media Player,Positive,12
BBC Media Player,Negative,11
BBC Media Player,Neutral,1
BBC News,Positive,37
BBC News,Neutral,8
BBC News,Negative,18
BBC Sport,Positive,33
BBC Sport,Negative,8
BBC Sport,Neutral,8
BBM - Free Calls & Messages,Positive,18
BBM - Free Calls & Messages,Negative,8
BBM - Free Calls & Messages,Neutral,9
BBVA Compass Banking,Positive,17
BBVA Compass Banking,Negative,7
BBVA Compass Banking,Neutral,5
BBVA Spain,Positive,27
BBVA Spain,Neutral,3
BBVA Spain,Negative,3
BBW Dating & Curvy Singles Chat- LargeFriends,Positive,45
BBW Dating & Curvy Singles Chat- LargeFriends,Neutral,14
BBW Dating & Curvy Singles Chat- LargeFriends,Negative,16
BBW Dating & Plus Size Chat,Negative,27
BBW Dating & Plus Size Chat,Positive,69
BBW Dating & Plus Size Chat,Neutral,15
BBWCupid - BBW Dating App,Negative,9
BBWCupid - BBW Dating App,Positive,21
BBWCupid - BBW Dating App,Neutral,9
BELONG Beating Cancer Together,Positive,28
BELONG Beating Cancer Together,Neutral,8
BELONG Beating Cancer Together,Negative,2
BEST CAR SOUNDS,Positive,25
BEST CAR SOUNDS,Neutral,8
BEST CAR SOUNDS,Negative,3
BET NOW - Watch Shows,Positive,39
BET NOW - Watch Shows,Negative,30
BET NOW - Watch Shows,Neutral,39
BEYBLADE BURST app,Positive,16
BEYBLADE BURST app,Negative,17
BEYBLADE BURST app,Neutral,3
BIG Launcher,Positive,26
BIG Launcher,Negative,5
BIG Launcher,Neutral,9
BLK - Swipe. Match. Chat.,Negative,4
BLK - Swipe. Match. Chat.,Positive,27
BLK - Swipe. Match. Chat.,Neutral,9
BZWBK24 mobile,Negative,4
BZWBK24 mobile,Positive,14
BZWBK24 mobile,Neutral,5
BaBe - Baca Berita,Positive,10
BaBe - Baca Berita,Neutral,4
BaBe - Baca Berita,Negative,1
BaBe Lite - Baca Berita Hemat Kuota,Positive,8
BaBe Lite - Baca Berita Hemat Kuota,Neutral,4
BaBe Lite - Baca Berita Hemat Kuota,Negative,1
BaBe+ - Berita Indonesia,Negative,2
BaBe+ - Berita Indonesia,Positive,13
BaBe+ - Berita Indonesia,Neutral,5
Babbel â€?Learn Languages,Positive,34
Babbel â€?Learn Languages,Negative,3
Babbel â€?Learn Languages,Neutral,11
Babbel â€?Learn Spanish,Negative,5
Babbel â€?Learn Spanish,Positive,33
Babbel â€?Learn Spanish,Neutral,1
Baby ABC in box! Kids alphabet games for toddlers!,Negative,6
Baby ABC in box! Kids alphabet games for toddlers!,Positive,29
Baby ABC in box! Kids alphabet games for toddlers!,Neutral,2
Baby Monitor,Positive,27
Baby Monitor,Negative,4
Baby Monitor,Neutral,4
Baby Name Together,Positive,25
Baby Name Together,Negative,6
Baby Name Together,Neutral,6
Baby Panda Care,Negative,10
Baby Panda Care,Positive,32
Baby Panda Care,Neutral,8
Baby Panda Learns Shapes,Neutral,16
Baby Panda Learns Shapes,Positive,19
Baby Panda Learns Shapes,Negative,2
Baby Panda Musical Genius,Neutral,11
Baby Panda Musical Genius,Positive,22
Baby Panda Musical Genius,Negative,4
Baby Pandaâ€™s Juice Shop,Positive,3
Baby Tiger Care - My Cute Virtual Pet Friend,Positive,5
Baby Tiger Care - My Cute Virtual Pet Friend,Neutral,4
Baby puzzles,Negative,14
Baby puzzles,Positive,16
Baby puzzles,Neutral,4
"Baca- Berita Terbaru, Informasi, Gosip dan Politik",Neutral,9
"Baca- Berita Terbaru, Informasi, Gosip dan Politik",Positive,21
"Baca- Berita Terbaru, Informasi, Gosip dan Politik",Negative,3
Backgrounds (HD Wallpapers),Positive,23
Backgrounds (HD Wallpapers),Negative,6
Backgrounds (HD Wallpapers),Neutral,1
Backgrounds HD (Wallpapers),Neutral,9
Backgrounds HD (Wallpapers),Positive,18
Backgrounds HD (Wallpapers),Negative,3
BaconReader for Reddit,Positive,24
BaconReader for Reddit,Negative,8
BaconReader for Reddit,Neutral,1
Bad Piggies,Positive,37
Bad Piggies,Negative,37
Bad Piggies,Neutral,3
Badoo - Free Chat & Dating App,Negative,27
Badoo - Free Chat & Dating App,Positive,58
Badoo - Free Chat & Dating App,Neutral,35
Bagan - Myanmar Keyboard,Neutral,8
Bagan - Myanmar Keyboard,Positive,21
Bagan - Myanmar Keyboard,Negative,2
Banco ItaÃº,Positive,18
Banco ItaÃº,Neutral,13
Banco ItaÃº,Negative,9
Banco do Brasil,Negative,7
Banco do Brasil,Neutral,11
Banco do Brasil,Positive,22
Bancomer mÃ³vil,Neutral,8
Bancomer mÃ³vil,Positive,11
Bancomer mÃ³vil,Negative,21
Banfield Pet Health Tracker,Positive,46
Banfield Pet Health Tracker,Negative,28
Banfield Pet Health Tracker,Neutral,6
Bangla Newspaper â€?Prothom Alo,Negative,7
Bangla Newspaper â€?Prothom Alo,Neutral,11
Bangla Newspaper â€?Prothom Alo,Positive,20
Banjo,Positive,27
Banjo,Negative,6
Banjo,Neutral,6
Bank of America Mobile Banking,Negative,6
Bank of America Mobile Banking,Positive,22
Bank of America Mobile Banking,Neutral,4
BankMobile Vibe App,Positive,19
BankMobile Vibe App,Negative,2
BankMobile Vibe App,Neutral,2
Banorte Movil,Positive,17
Banorte Movil,Negative,9
Banque Populaire,Positive,5
Banque Populaire,Negative,8
Banque Populaire,Neutral,5
Barbie Magical Fashion,Positive,18
Barbie Magical Fashion,Negative,13
Barbieâ„?Fashion Closet,Negative,25
Barbieâ„?Fashion Closet,Positive,43
Barbieâ„?Fashion Closet,Neutral,9
Barclays US for Android,Positive,15
Barclays US for Android,Negative,15
Barclays US for Android,Neutral,10
Barcode Scanner,Positive,31
Barcode Scanner,Neutral,6
Baritastic - Bariatric Tracker,Positive,34
Baritastic - Bariatric Tracker,Neutral,5
Baritastic - Bariatric Tracker,Negative,1
Baseball Boy!,Positive,20
Baseball Boy!,Negative,20
Basketball FRVR - Shoot the Hoop and Slam Dunk!,Neutral,7
Basketball FRVR - Shoot the Hoop and Slam Dunk!,Positive,16
Basketball FRVR - Shoot the Hoop and Slam Dunk!,Negative,12
Basketball Stars,Positive,44
Basketball Stars,Negative,41
Basketball Stars,Neutral,4
Bathroom Decorating Ideas,Negative,6
Bathroom Decorating Ideas,Positive,25
Bathroom Decorating Ideas,Neutral,9
Battlelands Royale,Negative,34
Battlelands Royale,Positive,52
Battlelands Royale,Neutral,2
Be A Legend: Soccer,Positive,33
Be A Legend: Soccer,Negative,59
Be A Legend: Soccer,Neutral,6
BeSoccer - Soccer Live Score,Negative,2
BeSoccer - Soccer Live Score,Positive,25
BeSoccer - Soccer Live Score,Neutral,9
BeWild Free Dating & Chat App,Positive,31
BeWild Free Dating & Chat App,Negative,6
BeWild Free Dating & Chat App,Neutral,1
Beautiful Design Birthday Cake,Positive,21
Beautiful Design Birthday Cake,Neutral,10
Beautiful Design Birthday Cake,Negative,5
Beautiful Widgets Free,Negative,17
Beautiful Widgets Free,Neutral,3
Beautiful Widgets Free,Positive,20
Beautiful Widgets Pro,Positive,30
Beautiful Widgets Pro,Neutral,2
Beautiful Widgets Pro,Negative,5
Beauty Camera - Selfie Camera,Positive,23
Beauty Camera - Selfie Camera,Negative,8
Beauty Camera - Selfie Camera,Neutral,5
Beauty Makeup Snappy Collage Photo Editor - Lidow,Positive,2
Beauty Makeup Snappy Collage Photo Editor - Lidow,Negative,1
Beauty Makeup Snappy Collage Photo Editor - Lidow,Neutral,1
BeautyPlus - Easy Photo Editor & Selfie Camera,Positive,2
BeautyPlus - Easy Photo Editor & Selfie Camera,Neutral,2
Bed Time Fan - White Noise Sleep Sounds,Positive,1
Best Car Wallpapers,Negative,1
Best Car Wallpapers,Positive,1
Best Car Wallpapers,Neutral,1
Best Fiends - Free Puzzle Game,Positive,1
Best Ovulation Tracker Fertility Calendar App Glow,Positive,1
"Best Wallpapers Backgrounds(100,000+ 4K HD)",Positive,6
"Best Wallpapers Backgrounds(100,000+ 4K HD)",Neutral,4
Best Wallpapers QHD,Positive,30
Best Wallpapers QHD,Negative,4
Best Wallpapers QHD,Neutral,1
"BestCam Selfie-selfie, beauty camera, photo editor",Negative,32
"BestCam Selfie-selfie, beauty camera, photo editor",Positive,28
"BestCam Selfie-selfie, beauty camera, photo editor",Neutral,39
BetterMe: Weight Loss Workouts,Negative,6
BetterMe: Weight Loss Workouts,Positive,27
BetterMe: Weight Loss Workouts,Neutral,4
Betterment,Positive,25
Betterment,Neutral,7
Betterment,Negative,8
BeyondMenu Food Delivery,Negative,2
BeyondMenu Food Delivery,Positive,35
BeyondMenu Food Delivery,Neutral,1
BeyondPod Podcast Manager,Positive,32
BeyondPod Podcast Manager,Neutral,1
BeyondPod Podcast Manager,Negative,7
Bible,Positive,81
Bible,Negative,7
Bible,Neutral,9
Big Days - Events Countdown,Positive,24
Big Days - Events Countdown,Negative,5
Big Days - Events Countdown,Neutral,7
"BigOven Recipes, Meal Planner, Grocery List & More",Positive,34
"BigOven Recipes, Meal Planner, Grocery List & More",Negative,3
"BigOven Recipes, Meal Planner, Grocery List & More",Neutral,3
"BiggerCity: Chat for gay bears, chubs & chasers",Negative,10
"BiggerCity: Chat for gay bears, chubs & chasers",Positive,27
"BiggerCity: Chat for gay bears, chubs & chasers",Neutral,3
Bike Computer - GPS Cycling Tracker,Positive,27
Bike Computer - GPS Cycling Tracker,Negative,3
Bike Computer - GPS Cycling Tracker,Neutral,9
Binaural Beats Meditation,Neutral,7
Binaural Beats Meditation,Positive,29
Binaural Beats Meditation,Negative,4
Binaural Beats Therapy,Positive,28
Binaural Beats Therapy,Negative,3
Binaural Beats Therapy,Neutral,8
BioLife Plasma Services,Negative,9
BioLife Plasma Services,Neutral,6
BioLife Plasma Services,Positive,24
Birdays â€?Birthday reminder,Positive,33
Birdays â€?Birthday reminder,Neutral,3
Birdays â€?Birthday reminder,Negative,1
Birds Sounds Ringtones & Wallpapers,Positive,27
Birds Sounds Ringtones & Wallpapers,Neutral,10
Birds Sounds Ringtones & Wallpapers,Negative,1
Black People Meet Singles Date,Negative,4
Black People Meet Singles Date,Positive,19
Black People Meet Singles Date,Neutral,5
Block Puzzle,Negative,71
Block Puzzle,Positive,83
Block Puzzle Classic Legend !,Negative,22
Block Puzzle Classic Legend !,Neutral,4
Block Puzzle Classic Legend !,Positive,46
Blogaway for Android (Blogger),Positive,19
Blogaway for Android (Blogger),Negative,4
Blogaway for Android (Blogger),Neutral,13
Blogger,Positive,31
Blogger,Negative,6
Blogger,Neutral,1
Bloglovin',Negative,7
Bloglovin',Positive,19
Bloglovin',Neutral,12
Blood Donor,Positive,26
Blood Donor,Neutral,11
Blood Donor,Negative,2
Blood Pressure,Positive,30
Blood Pressure,Neutral,4
Blood Pressure,Negative,4
Blood Pressure Log - MyDiary,Positive,35
Blood Pressure Log - MyDiary,Negative,3
Blood Pressure Log - MyDiary,Neutral,2
Blood Pressure(BP) Diary,Positive,14
Blood Pressure(BP) Diary,Neutral,18
Blood Pressure(BP) Diary,Negative,8
Bloomberg Professional,Negative,11
Bloomberg Professional,Positive,15
Bloomberg Professional,Neutral,14
Bloomberg: Market & Financial News,Positive,15
Bloomberg: Market & Financial News,Negative,10
Bloomberg: Market & Financial News,Neutral,15
Blossom Blast Saga,Positive,17
Blossom Blast Saga,Negative,19
BluTV,Positive,16
BluTV,Neutral,8
BluTV,Negative,1
Blur Image Background,Positive,8
Blur Image Background,Neutral,2
Blur Image Background,Negative,1
Blur Image Background Editor (Blur Photo Editor),Negative,7
Blur Image Background Editor (Blur Photo Editor),Positive,26
Blur Image Background Editor (Blur Photo Editor),Neutral,6
Booking.com Travel Deals,Positive,54
Booking.com Travel Deals,Negative,27
Booking.com Travel Deals,Neutral,39
Bowmasters,Positive,164
Bowmasters,Negative,119
Bowmasters,Neutral,24
Box,Neutral,24
Box,Positive,81
Box,Negative,12
Boxed Wholesale,Positive,30
Boxed Wholesale,Neutral,6
Boxed Wholesale,Negative,4
Boys Photo Editor - Six Pack & Men's Suit,Neutral,10
Boys Photo Editor - Six Pack & Men's Suit,Negative,5
Boys Photo Editor - Six Pack & Men's Suit,Positive,23
Brain Waves - Binaural Beats,Positive,32
Brain Waves - Binaural Beats,Neutral,3
Brain Waves - Binaural Beats,Negative,5
Branch,Positive,28
Branch,Neutral,4
Branch,Negative,8
BrasileirÃ£o Pro 2018 - SÃ©rie A e B,Positive,34
BrasileirÃ£o Pro 2018 - SÃ©rie A e B,Negative,3
BrasileirÃ£o Pro 2018 - SÃ©rie A e B,Neutral,3
"Breaking News, Local news, Attacks and Alerts Free",Negative,5
"Breaking News, Local news, Attacks and Alerts Free",Positive,14
"Breaking News, Local news, Attacks and Alerts Free",Neutral,8
Brightest Flashlight Free Â®,Positive,5
Brightest LED Flashlight,Positive,13
Brightest LED Flashlight,Negative,1
Brightest LED Flashlight,Neutral,2
Brilliant,Neutral,2
Brilliant,Negative,5
Brilliant,Positive,21
Brit + Co,Neutral,4
Brit + Co,Positive,10
Brit + Co,Negative,2
British Airways,Positive,13
British Airways,Negative,5
British Airways,Neutral,4
Browser 4G,Positive,23
Browser 4G,Neutral,10
Browser 4G,Negative,1
Bualuang mBanking,Positive,11
Bualuang mBanking,Negative,11
Bualuang mBanking,Neutral,12
Bubble Shooter,Positive,99
Bubble Shooter,Negative,40
Bubble Shooter,Neutral,5
Bubble Shooter 2,Positive,8
Bubble Shooter 2,Negative,2
Bubble Shooter 2,Neutral,1
Bubble Shooter Genies,Negative,3
Bubble Shooter Genies,Positive,6
Bubble Shooter Genies,Neutral,1
Bubble Shooter Space,Positive,13
Bubble Shooter Space,Negative,7
Bubble Shooter Space,Neutral,3
Bubble Witch 3 Saga,Positive,19
Bubble Witch 3 Saga,Negative,11
Bubble Witch 3 Saga,Neutral,1
Buienradar - weer,Negative,10
Buienradar - weer,Positive,19
Buienradar - weer,Neutral,4
Build a Bridge!,Positive,50
Build a Bridge!,Neutral,9
Build a Bridge!,Negative,27
Bukalapak - Jual Beli Online,Negative,15
Bukalapak - Jual Beli Online,Positive,14
Bukalapak - Jual Beli Online,Neutral,2
BukuBayi - Perkembangan Bayi,Positive,20
BukuBayi - Perkembangan Bayi,Negative,1
BukuBayi - Perkembangan Bayi,Neutral,4
Burner - Free Phone Number,Positive,5
Burner - Free Phone Number,Negative,1
BuscapÃ© - Ofertas e descontos,Positive,2
BuscapÃ© - Ofertas e descontos,Neutral,1
Business Calendar 2,Positive,18
Business Calendar 2,Neutral,3
Business Calendar 2,Negative,4
Butterfly Live Wallpaper,Neutral,8
Butterfly Live Wallpaper,Positive,20
Buzz Launcher-Smart&Free Theme,Positive,25
Buzz Launcher-Smart&Free Theme,Negative,10
Buzz Launcher-Smart&Free Theme,Neutral,1
"BuzzFeed: News, Tasty, Quizzes",Neutral,16
"BuzzFeed: News, Tasty, Quizzes",Positive,47
"BuzzFeed: News, Tasty, Quizzes",Negative,8
"BÃO Má»šI - Äá»c BÃ¡o, Tin Tá»©c 24h",Negative,9
"BÃO Má»šI - Äá»c BÃ¡o, Tin Tá»©c 24h",Positive,18
"BÃO Má»šI - Äá»c BÃ¡o, Tin Tá»©c 24h",Neutral,7
C Programming,Positive,31
C Programming,Negative,3
C++ Programming,Positive,24
C++ Programming,Negative,10
C++ Programming,Neutral,2
C++ Tutorials,Neutral,4
C++ Tutorials,Positive,32
CAIXA,Negative,15
CAIXA,Neutral,8
CAIXA,Positive,11
CALCUâ„?Stylish Calculator Free,Positive,27
CALCUâ„?Stylish Calculator Free,Negative,1
CALCUâ„?Stylish Calculator Free,Neutral,10
CATS: Crash Arena Turbo Stars,Positive,34
CATS: Crash Arena Turbo Stars,Negative,21
CATS: Crash Arena Turbo Stars,Neutral,1
CBS News,Neutral,1
"CBS Sports App - Scores, News, Stats & Watch Live",Positive,122
"CBS Sports App - Scores, News, Stats & Watch Live",Negative,42
"CBS Sports App - Scores, News, Stats & Watch Live",Neutral,27
CBS Sports Fantasy,Negative,9
CBS Sports Fantasy,Positive,34
CBS Sports Fantasy,Neutral,11
CDL Practice Test 2018 Edition,Positive,21
CDL Practice Test 2018 Edition,Negative,1
CDL Practice Test 2018 Edition,Neutral,2
CIA - Caller ID & Call Blocker,Negative,2
CIA - Caller ID & Call Blocker,Positive,8
CIA - Caller ID & Call Blocker,Neutral,4
"CM Browser - Ad Blocker , Fast Download , Privacy",Negative,1
"CM Browser - Ad Blocker , Fast Download , Privacy",Positive,1
"CM Flashlight (Compass, SOS)",Positive,4
"CM Launcher 3D - Theme, Wallpapers, Efficient",Positive,12
"CM Launcher 3D - Theme, Wallpapers, Efficient",Negative,2
"CM Launcher 3D - Theme, Wallpapers, Efficient",Neutral,4
CM Locker - Security Lockscreen,Positive,56
CM Locker - Security Lockscreen,Neutral,15
CM Locker - Security Lockscreen,Negative,15
CMB Free Dating App,Positive,55
CMB Free Dating App,Negative,6
CMB Free Dating App,Neutral,10
CNBC: Breaking Business News & Live Market Data,Negative,8
CNBC: Breaking Business News & Live Market Data,Positive,25
CNBC: Breaking Business News & Live Market Data,Neutral,4
CNN Breaking US & World News,Neutral,6
CNN Breaking US & World News,Positive,65
CNN Breaking US & World News,Negative,41
COOKING MAMA Let's Cook!,Negative,6
COOKING MAMA Let's Cook!,Positive,26
COOKING MAMA Let's Cook!,Neutral,4
CVS Caremark,Negative,6
CVS Caremark,Neutral,10
CVS Caremark,Positive,23
CW Seed,Positive,25
CW Seed,Negative,5
CW Seed,Neutral,6
CWT To Go,Positive,28
CWT To Go,Negative,6
CWT To Go,Neutral,4
Cache Cleaner-DU Speed Booster (booster & cleaner),Negative,2
Cache Cleaner-DU Speed Booster (booster & cleaner),Positive,16
Cache Cleaner-DU Speed Booster (booster & cleaner),Neutral,8
Caf - Mon Compte,Positive,1
"Calculator - free calculator, multi calculator app",Neutral,2
"Calculator - free calculator, multi calculator app",Positive,1
"Calculator - free calculator, multi calculator app",Negative,1
Calculator - unit converter,Positive,1
Calculator Plus Free,Positive,2
Calculator with Percent (Free),Positive,1
Calculator with Percent (Free),Neutral,1
Calendar Widget Month + Agenda,Neutral,1
Calendar Widget Month + Agenda,Positive,1
Calendar+ Schedule Planner App,Positive,1
Call Blocker,Negative,2
Call Blocker,Positive,1
Call Control - Call Blocker,Negative,1
Call Control - Call Blocker,Neutral,2
Call of Duty:Black Ops Zombies,Negative,3
"CallApp: Caller ID, Blocker & Phone Call Recorder",Positive,1
Caller ID +,Positive,1
Calls & Text by Mo+,Positive,5
Calls & Text by Mo+,Neutral,1
Calls Blacklist - Call Blocker,Positive,2
Calls Blacklist - Call Blocker,Negative,1
"Calm - Meditate, Sleep, Relax",Positive,53
"Calm - Meditate, Sleep, Relax",Negative,7
"Calm - Meditate, Sleep, Relax",Neutral,2
Calorie Counter & Diet Tracker,Negative,17
Calorie Counter & Diet Tracker,Positive,109
Calorie Counter & Diet Tracker,Neutral,9
Calorie Counter - EasyFit free,Positive,30
Calorie Counter - EasyFit free,Neutral,3
Calorie Counter - EasyFit free,Negative,1
Calorie Counter - Macros,Positive,174
Calorie Counter - Macros,Negative,20
Calorie Counter - Macros,Neutral,6
Calorie Counter - MyFitnessPal,Positive,169
Calorie Counter - MyFitnessPal,Negative,52
Calorie Counter - MyFitnessPal,Neutral,34
Calorie Counter - MyNetDiary,Positive,120
Calorie Counter - MyNetDiary,Negative,4
Calorie Counter - MyNetDiary,Neutral,15
Cameringo Lite. Filters Camera,Positive,7
Cameringo Lite. Filters Camera,Neutral,1
Candy Bomb,Positive,62
Candy Bomb,Negative,4
Candy Bomb,Neutral,6
"Candy Camera - selfie, beauty camera, photo editor",Positive,70
"Candy Camera - selfie, beauty camera, photo editor",Negative,24
"Candy Camera - selfie, beauty camera, photo editor",Neutral,17
Candy Crush Jelly Saga,Neutral,8
Candy Crush Jelly Saga,Negative,44
Candy Crush Jelly Saga,Positive,21
Candy Crush Saga,Positive,102
Candy Crush Saga,Negative,126
Candy Crush Saga,Neutral,12
Candy Crush Soda Saga,Positive,62
Candy Crush Soda Saga,Negative,96
Candy Crush Soda Saga,Neutral,8
Candy Day,Positive,26
Candy Day,Neutral,6
Candy Day,Negative,6
Candy Pop Story,Negative,13
Candy Pop Story,Positive,22
Candy Pop Story,Neutral,5
Candy Smash,Negative,8
Candy Smash,Positive,28
Candy Smash,Neutral,4
"Candy selfie - photo editor, live filter camera",Positive,21
"Candy selfie - photo editor, live filter camera",Neutral,10
"Candy selfie - photo editor, live filter camera",Negative,2
"Canva: Poster, banner, card maker & graphic design",Positive,30
"Canva: Poster, banner, card maker & graphic design",Neutral,5
"Canva: Poster, banner, card maker & graphic design",Negative,3
Canvas Student,Negative,1
Canvas Student,Positive,2
Canvas Student,Neutral,1
Cat Sim Online: Play with Cats,Positive,45
Cat Sim Online: Play with Cats,Negative,14
Cat Sim Online: Play with Cats,Neutral,2
Caviar - Food Delivery,Negative,8
Caviar - Food Delivery,Positive,25
Caviar - Food Delivery,Neutral,6
Chakra Cleansing,Positive,35
Chakra Cleansing,Negative,1
Chakra Cleansing,Neutral,4
Championat,Positive,25
Championat,Negative,6
Championat,Neutral,9
Chapters: Interactive Stories,Positive,30
Chapters: Interactive Stories,Negative,7
Chapters: Interactive Stories,Neutral,1
Chase Mobile,Positive,23
Chase Mobile,Negative,16
Chase Mobile,Neutral,1
"Chat Rooms, Avatars, Date - Galaxy",Positive,46
"Chat Rooms, Avatars, Date - Galaxy",Neutral,12
"Chat Rooms, Avatars, Date - Galaxy",Negative,16
ChatVideo Meet new people,Positive,20
ChatVideo Meet new people,Negative,3
ChatVideo Meet new people,Neutral,14
Cheap Flights & Hotels momondo,Positive,24
Cheap Flights & Hotels momondo,Negative,7
Cheap Flights & Hotels momondo,Neutral,8
Cheap hotel deals and discounts â€?Hotellook,Positive,24
Cheap hotel deals and discounts â€?Hotellook,Neutral,11
Cheap hotel deals and discounts â€?Hotellook,Negative,4
"CheapTickets â€?Hotels, Flights & Travel Deals",Negative,6
"CheapTickets â€?Hotels, Flights & Travel Deals",Positive,27
"CheapTickets â€?Hotels, Flights & Travel Deals",Neutral,4
Cheapflights â€?Flight Search,Positive,28
Cheapflights â€?Flight Search,Negative,4
Cheapflights â€?Flight Search,Neutral,7
CheckPoints ğŸ† Rewards App,Positive,28
CheckPoints ğŸ† Rewards App,Negative,6
CheckPoints ğŸ† Rewards App,Neutral,6
Checkers âœ”ï¸,Positive,18
Checkers âœ”ï¸,Negative,13
Checkers âœ”ï¸,Neutral,5
Checkout 51: Grocery coupons,Positive,21
Checkout 51: Grocery coupons,Negative,3
Checkout 51: Grocery coupons,Neutral,2
Choice Hotels,Negative,2
Choice Hotels,Positive,7
Choice Hotels,Neutral,1
Choices: Stories You Play,Positive,21
Choices: Stories You Play,Negative,18
Christian Dating For Free App,Positive,50
Christian Dating For Free App,Negative,22
Christian Dating For Free App,Neutral,4
Chrome Beta,Positive,22
Chrome Beta,Negative,4
Chrome Beta,Neutral,12
Chrome Dev,Neutral,8
Chrome Dev,Positive,25
Chrome Dev,Negative,6
Cinemark Theatres,Positive,20
Cinemark Theatres,Neutral,10
Cinemark Theatres,Negative,10
Cisco Webex Meetings,Negative,11
Cisco Webex Meetings,Positive,22
Cisco Webex Meetings,Neutral,6
Cisco Webex Teams,Negative,14
Cisco Webex Teams,Positive,18
Cisco Webex Teams,Neutral,8
Citi MobileÂ®,Negative,18
Citi MobileÂ®,Positive,20
Citi MobileÂ®,Neutral,2
Citibanamex Movil,Negative,9
Citibanamex Movil,Positive,24
Citibanamex Movil,Neutral,6
Citizens Bank Mobile Banking,Positive,18
Citizens Bank Mobile Banking,Negative,19
Citizens Bank Mobile Banking,Neutral,2
CityMaps2Go Plan Trips Travel Guide Offline Maps,Positive,32
CityMaps2Go Plan Trips Travel Guide Offline Maps,Negative,4
CityMaps2Go Plan Trips Travel Guide Offline Maps,Neutral,4
Claro,Negative,14
Claro,Positive,11
Claro,Neutral,15
Clash Royale,Positive,106
Clash Royale,Negative,57
Clash of Clans,Positive,23
Clash of Clans,Negative,10
Color Flashlight,Positive,7
Color Flashlight,Neutral,2
Color Flashlight,Negative,2
Color Road,Negative,22
Color Road,Positive,14
Color Road,Neutral,1
Color Touch Effects,Positive,19
Color Touch Effects,Negative,8
Color Touch Effects,Neutral,11
Color by Number - Draw Sandbox Pixel Art,Positive,54
Color by Number - Draw Sandbox Pixel Art,Negative,17
Color by Number - Draw Sandbox Pixel Art,Neutral,20
Color by Number â€?New Coloring Book,Negative,4
Color by Number â€?New Coloring Book,Positive,33
ColorFil - Adult Coloring Book,Positive,24
ColorFil - Adult Coloring Book,Negative,6
ColorFil - Adult Coloring Book,Neutral,2
ColorNote Notepad Notes,Positive,121
ColorNote Notepad Notes,Neutral,3
ColorNote Notepad Notes,Negative,7
ColorSnapÂ® Visualizer,Negative,12
ColorSnapÂ® Visualizer,Positive,13
ColorSnapÂ® Visualizer,Neutral,14
Colorfit - Drawing & Coloring,Positive,29
Colorfit - Drawing & Coloring,Negative,8
Colorfit - Drawing & Coloring,Neutral,1
Colorful Glitter Neon Butterfly Keyboard Theme,Neutral,8
Colorful Glitter Neon Butterfly Keyboard Theme,Negative,7
Colorful Glitter Neon Butterfly Keyboard Theme,Positive,17
Colorfy: Coloring Book for Adults - Free,Positive,81
Colorfy: Coloring Book for Adults - Free,Negative,45
Colorfy: Coloring Book for Adults - Free,Neutral,7
Coloring & Learn,Positive,31
Coloring & Learn,Negative,3
Coloring & Learn,Neutral,4
Coloring book moana,Negative,14
Coloring book moana,Neutral,4
Coloring book moana,Positive,26
Comedy Central,Positive,42
Comedy Central,Negative,12
Comedy Central,Neutral,26
Common Core,Positive,4
Common Core,Negative,4
Comptia A+ 220-901 & 220-902,Positive,26
Comptia A+ 220-901 & 220-902,Neutral,3
ConnectLine,Positive,26
ConnectLine,Neutral,7
ConnectLine,Negative,5
Contacts,Negative,13
Contacts,Positive,16
Contacts,Neutral,9
Contacts+,Positive,27
Contacts+,Neutral,10
Contacts+,Negative,1
Content Transfer,Positive,22
Content Transfer,Negative,9
Content Transfer,Neutral,9
ConvertPad - Unit Converter,Positive,29
ConvertPad - Unit Converter,Negative,9
ConvertPad - Unit Converter,Neutral,2
Cookbook Recipes,Positive,35
Cookbook Recipes,Neutral,2
Cooking Channel,Negative,4
Cooking Channel,Positive,29
Cooking Channel,Neutral,6
Cooking Fever,Positive,53
Cooking Fever,Negative,79
Cooking Fever,Neutral,1
Cooking Madness - A Chef's Restaurant Games,Negative,17
Cooking Madness - A Chef's Restaurant Games,Positive,19
Cookpad,Positive,25
Cookpad,Neutral,3
Cookpad,Negative,7
Cool Popular Ringtones 2018 ğŸ”¥,Positive,24
Cool Popular Ringtones 2018 ğŸ”¥,Negative,10
Cool Popular Ringtones 2018 ğŸ”¥,Neutral,2
Cool Reader,Positive,24
Cool Reader,Negative,11
Cool Reader,Neutral,3
Couch to 10K Running Trainer,Positive,36
Couch to 10K Running Trainer,Negative,2
Couch to 10K Running Trainer,Neutral,2
Couch to 5K by RunDouble,Positive,28
Couch to 5K by RunDouble,Neutral,7
Couch to 5K by RunDouble,Negative,4
Couchsurfing Travel App,Positive,29
Couchsurfing Travel App,Negative,6
Couchsurfing Travel App,Neutral,4
Cougar Dating Life : Date Older Women Sugar Mummy,Positive,56
Cougar Dating Life : Date Older Women Sugar Mummy,Negative,16
Cougar Dating Life : Date Older Women Sugar Mummy,Neutral,6
Couple - Relationship App,Positive,23
Credit Karma,Neutral,3
Credit Karma,Positive,27
Credit Karma,Negative,5
Credit Sesame,Positive,21
Credit Sesame,Neutral,7
Credit Sesame,Negative,10
CreditWise from Capital One,Positive,28
CreditWise from Capital One,Negative,7
CreditWise from Capital One,Neutral,3
Crew - Free Messaging and Scheduling,Positive,72
Crew - Free Messaging and Scheduling,Negative,4
Crew - Free Messaging and Scheduling,Neutral,4
Cricbuzz - Live Cricket Scores & News,Positive,26
Cricbuzz - Live Cricket Scores & News,Negative,11
Cricbuzz - Live Cricket Scores & News,Neutral,1
Cricket Visual Voicemail,Positive,20
Cricket Visual Voicemail,Negative,16
Cricket Visual Voicemail,Neutral,4
Crossy Road,Positive,67
Crossy Road,Negative,12
Crossy Road,Neutral,12
Crunchyroll - Everything Anime,Positive,105
Crunchyroll - Everything Anime,Negative,15
Current debit card and app made for teens,Negative,1
Current debit card and app made for teens,Positive,34
Current debit card and app made for teens,Neutral,5
Curriculum vitae App CV Builder Free Resume Maker,Positive,30
Curriculum vitae App CV Builder Free Resume Maker,Neutral,6
Curriculum vitae App CV Builder Free Resume Maker,Negative,2
Curso de Ingles Gratis,Positive,34
Curso de Ingles Gratis,Neutral,3
Cut the Rope 2,Negative,19
Cut the Rope 2,Positive,64
Cut the Rope 2,Neutral,7
Cut the Rope FULL FREE,Positive,14
Cut the Rope FULL FREE,Negative,14
Cycling - Bike Tracker,Positive,19
Cycling - Bike Tracker,Neutral,2
Cycling - Bike Tracker,Negative,4
"Cymera Camera- Photo Editor, Filter,Collage,Layout",Negative,3
"Cymera Camera- Photo Editor, Filter,Collage,Layout",Positive,60
"Cymera Camera- Photo Editor, Filter,Collage,Layout",Neutral,15
Czech Public Transport IDOS,Positive,19
Czech Public Transport IDOS,Neutral,7
Czech Public Transport IDOS,Negative,2
DC Comics,Positive,32
DC Comics,Negative,1
DC Comics,Neutral,2
"DC Super Hero Girlsâ„?""I like DC Superhero Girls powerful boys",Positive,3
"DC Super Hero Girlsâ„?""I need open new profile characters like Miss Martian",Positive,3
"DC Super Hero Girlsâ„?""Great games",Positive,3
DEAD TARGET: FPS Zombie Apocalypse Survival Games,Positive,66
DEAD TARGET: FPS Zombie Apocalypse Survival Games,Negative,47
DEAD TARGET: FPS Zombie Apocalypse Survival Games,Neutral,12
DEER HUNTER 2018,Negative,3
"DELISH KITCHEN - ç„¡æ–™ãƒ¬ã‚·ãƒ”å‹•ç”»ã§æ–™ç†ã‚’æ¥½ã—ããƒ»ç°¡å˜ã«ï¼?""Everything looks delicious",Positive,1
"DELISH KITCHEN - ç„¡æ–™ãƒ¬ã‚·ãƒ”å‹•ç”»ã§æ–™ç†ã‚’æ¥½ã—ããƒ»ç°¡å˜ã«ï¼?""I am not good at cooking",Positive,1
"DELISH KITCHEN - ç„¡æ–™ãƒ¬ã‚·ãƒ”å‹•ç”»ã§æ–™ç†ã‚’æ¥½ã—ããƒ»ç°¡å˜ã«ï¼?""Easy recipe",Positive,1
"DELISH KITCHEN - ç„¡æ–™ãƒ¬ã‚·ãƒ”å‹•ç”»ã§æ–™ç†ã‚’æ¥½ã—ããƒ»ç°¡å˜ã«ï¼?""Easy follow",Positive,1
DINO HUNTER: DEADLY SHORES,Positive,52
DINO HUNTER: DEADLY SHORES,Negative,38
DINO HUNTER: DEADLY SHORES,Neutral,2
DIY Garden Ideas,Positive,28
DIY Garden Ideas,Neutral,4
DIY Garden Ideas,Negative,2
DIY On A Budget,Positive,27
DIY On A Budget,Negative,1
DIY On A Budget,Neutral,5
DMV Permit Practice Test 2018 Edition,Positive,30
DMV Permit Practice Test 2018 Edition,Neutral,2
DMV Permit Practice Test 2018 Edition,Negative,2
DRAGON BALL LEGENDS,Positive,127
DRAGON BALL LEGENDS,Negative,39
DRAGON BALL LEGENDS,Neutral,1
DSLR Camera Hd Ultra Professional,Negative,13
DSLR Camera Hd Ultra Professional,Positive,17
DSLR Camera Hd Ultra Professional,Neutral,8
DStv Now,Negative,14
DStv Now,Positive,22
DStv Now,Neutral,3
DU Browserâ€”Browse fast & fun,Positive,32
DU Browserâ€”Browse fast & fun,Negative,8
"DU Recorder â€?Screen Recorder, Video Editor, Live",Negative,11
"DU Recorder â€?Screen Recorder, Video Editor, Live",Positive,42
"DU Recorder â€?Screen Recorder, Video Editor, Live",Neutral,4
Daily Workouts - Exercise Fitness Routine Trainer,Positive,1
Daily Yoga - Yoga Fitness Plans,Positive,10
Daily Yoga - Yoga Fitness Plans,Negative,2
"Dailyhunt (Newshunt) - Latest News, Viral Videos",Negative,3
"Dailyhunt (Newshunt) - Latest News, Viral Videos",Positive,1
Dairy Queen,Neutral,1
Dairy Queen,Positive,2
Daniel Tiger for Parents,Positive,3
DashClock Widget,Positive,1
Dashlane Free Password Manager,Positive,1
Dashlane Free Password Manager,Negative,1
"Dating App, Flirt & Chat : W-Match",Neutral,4
"Dating App, Flirt & Chat : W-Match",Positive,2
Dating for 50 plus Mature Singles â€?FINALLY,Positive,5
Dating for 50 plus Mature Singles â€?FINALLY,Neutral,2
Daum Mail - ë‹¤ìŒ ë©”ì¼,Positive,2
Daum Mail - ë‹¤ìŒ ë©”ì¼,Neutral,1
Davis's Drug Guide,Positive,1
Davis's Drug Guide,Negative,1
Davis's Drug Guide for Nurses,Neutral,1
Davis's Drug Guide for Nurses,Positive,2
Debonairs Pizza,Neutral,1
Debonairs Pizza,Negative,2
Debonairs Pizza,Positive,3
"Delivery Clubâ€“Ğ”Ğ¾ÑÑ‚Ğ°Ğ²ĞºĞ?ĞµĞ´Ñ‹:Ğ¿Ğ¸Ñ†Ñ†Ğ°,ÑÑƒÑˆĞ¸,Ğ±ÑƒÑ€Ğ³ĞµÑ€,ÑĞ°Ğ»Ğ°Ñ‚",Neutral,8
"Delivery Clubâ€“Ğ”Ğ¾ÑÑ‚Ğ°Ğ²ĞºĞ?ĞµĞ´Ñ‹:Ğ¿Ğ¸Ñ†Ñ†Ğ°,ÑÑƒÑˆĞ¸,Ğ±ÑƒÑ€Ğ³ĞµÑ€,ÑĞ°Ğ»Ğ°Ñ‚",Negative,6
"Delivery Clubâ€“Ğ”Ğ¾ÑÑ‚Ğ°Ğ²ĞºĞ?ĞµĞ´Ñ‹:Ğ¿Ğ¸Ñ†Ñ†Ğ°,ÑÑƒÑˆĞ¸,Ğ±ÑƒÑ€Ğ³ĞµÑ€,ÑĞ°Ğ»Ğ°Ñ‚",Positive,10
Delta Dental,Negative,20
Delta Dental,Positive,9
Delta Dental,Neutral,11
Despegar.com Hoteles y Vuelos,Positive,22
Despegar.com Hoteles y Vuelos,Neutral,11
Despegar.com Hoteles y Vuelos,Negative,6
Detector de Radares Gratis,Positive,23
Detector de Radares Gratis,Neutral,6
Detector de Radares Gratis,Negative,2
Device Help,Positive,20
Device Help,Neutral,9
Device Help,Negative,8
Diabetes & Diet Tracker,Negative,4
Diabetes & Diet Tracker,Positive,66
Diabetes & Diet Tracker,Neutral,4
Diabetes:M,Positive,33
Diabetes:M,Negative,2
Diabetes:M,Neutral,4
Diamond Zipper Lock Screen,Negative,8
Diamond Zipper Lock Screen,Neutral,6
Diamond Zipper Lock Screen,Positive,20
Diary with lock,Positive,84
Diary with lock,Negative,10
Diary with lock,Neutral,2
Diary with lock password,Positive,38
Diary with lock password,Negative,7
Diary with lock password,Neutral,7
Dictionary - Merriam-Webster,Positive,6
Dictionary - Merriam-Webster,Negative,2
Die TK-App â€?alles im Griff,Neutral,6
Die TK-App â€?alles im Griff,Negative,5
Die TK-App â€?alles im Griff,Positive,16
Digg,Positive,18
Digg,Negative,13
Digg,Neutral,2
DigiCal Calendar Agenda,Positive,16
DigiCal Calendar Agenda,Negative,5
DigiCal Calendar Agenda,Neutral,2
Digit Save Money Automatically,Positive,41
Digit Save Money Automatically,Neutral,13
Digit Save Money Automatically,Negative,2
Digital Alarm Clock,Positive,59
Digital Alarm Clock,Negative,5
Digital Alarm Clock,Neutral,7
Dil Mil,Neutral,10
Dil Mil,Positive,13
Dil Mil,Negative,11
Dino War: Rise of Beasts,Neutral,5
Dino War: Rise of Beasts,Negative,6
Dino War: Rise of Beasts,Positive,16
Dinosaur Simulator: Dino World,Positive,5
Dinosaur Simulator: Dino World,Negative,6
Dinosaur Simulator: Dino World,Neutral,2
Discover Mobile,Negative,1
Disney Heroes: Battle Mode,Positive,1
Disney Heroes: Battle Mode,Negative,1
Disney Magic Kingdoms: Build Your Own Magical Park,Positive,31
Disney Magic Kingdoms: Build Your Own Magical Park,Negative,16
DisneyNOW â€?TV Shows & Games,Positive,49
DisneyNOW â€?TV Shows & Games,Negative,10
DisneyNOW â€?TV Shows & Games,Neutral,4
Divar,Positive,19
Divar,Neutral,9
Divar,Negative,9
Do It Later: Tasks & To-Dos,Positive,19
Do It Later: Tasks & To-Dos,Neutral,10
Do It Later: Tasks & To-Dos,Negative,5
Docs To Goâ„?Free Office Suite,Positive,46
Docs To Goâ„?Free Office Suite,Negative,11
Docs To Goâ„?Free Office Suite,Neutral,15
Doctor On Demand,Positive,28
Doctor On Demand,Neutral,6
Doctor On Demand,Negative,2
Doctor Pets,Positive,18
Doctor Pets,Negative,9
Doctor Pets,Neutral,5
Dog Licks Screen Wallpaper,Negative,5
Dog Licks Screen Wallpaper,Positive,20
Dog Licks Screen Wallpaper,Neutral,9
Dog Run - Pet Dog Simulator,Negative,13
Dog Run - Pet Dog Simulator,Positive,56
Dog Run - Pet Dog Simulator,Neutral,4
Dog Sim Online: Raise a Family,Negative,1
Dog Sim Online: Raise a Family,Positive,1
Domino's Pizza USA,Negative,11
Domino's Pizza USA,Positive,40
Domino's Pizza USA,Neutral,2
Dominos Game âœ”ï¸,Positive,14
Dominos Game âœ”ï¸,Negative,13
Dominos Game âœ”ï¸,Neutral,12
"Domofond ĞĞµĞ´Ğ²Ğ¸Ğ¶Ğ¸Ğ¼Ğ¾ÑÑ‚ÑŒ. ĞšÑƒĞ¿Ğ¸Ñ‚ÑŒ, ÑĞ½ÑÑ‚ÑŒ ĞºĞ²Ğ°Ñ€Ñ‚Ğ¸Ñ€Ñƒ.",Positive,21
"Domofond ĞĞµĞ´Ğ²Ğ¸Ğ¶Ğ¸Ğ¼Ğ¾ÑÑ‚ÑŒ. ĞšÑƒĞ¿Ğ¸Ñ‚ÑŒ, ÑĞ½ÑÑ‚ÑŒ ĞºĞ²Ğ°Ñ€Ñ‚Ğ¸Ñ€Ñƒ.",Negative,7
"Domofond ĞĞµĞ´Ğ²Ğ¸Ğ¶Ğ¸Ğ¼Ğ¾ÑÑ‚ÑŒ. ĞšÑƒĞ¿Ğ¸Ñ‚ÑŒ, ÑĞ½ÑÑ‚ÑŒ ĞºĞ²Ğ°Ñ€Ñ‚Ğ¸Ñ€Ñƒ.",Neutral,10
Doodle Jump,Positive,56
Doodle Jump,Negative,25
Doodle Jump,Neutral,9
Door Lock Screen,Positive,32
Door Lock Screen,Neutral,7
DoorDash - Food Delivery,Positive,24
DoorDash - Food Delivery,Negative,13
DoorDash - Food Delivery,Neutral,3
Dosecast - Medication Reminder,Positive,34
Dosecast - Medication Reminder,Negative,3
Dosecast - Medication Reminder,Neutral,1
Down Dog: Great Yoga Anywhere,Positive,40
Dr. Oetker Rezeptideen,Negative,5
Dr. Oetker Rezeptideen,Positive,20
Dr. Oetker Rezeptideen,Neutral,11
Dr. Panda & Toto's Treehouse,Positive,52
Dr. Panda & Toto's Treehouse,Negative,12
Dr. Panda & Toto's Treehouse,Neutral,4
Dr. Panda Restaurant 3,Negative,15
Dr. Panda Restaurant 3,Positive,17
Dr. Panda Restaurant 3,Neutral,2
Dr. Panda Town: Vacation,Negative,10
Dr. Panda Town: Vacation,Positive,23
Dr. Panda Town: Vacation,Neutral,2
DraftKings - Daily Fantasy Sports,Positive,27
DraftKings - Daily Fantasy Sports,Negative,6
DraftKings - Daily Fantasy Sports,Neutral,3
Dragon Hills,Negative,5
Dragon Hills,Positive,10
Draw A Stickman,Negative,1
Draw In,Negative,1
Draw Your Game,Negative,2
Draw a Stickman: EPIC 2,Positive,1
Drawing for Kids Learning Games for Toddlers age 3,Positive,1
Dream League Soccer 2018,Positive,2
Dream League Soccer 2018,Negative,1
DreamTrips,Positive,21
DreamTrips,Negative,6
DreamTrips,Neutral,6
DreamWorks Friends,Neutral,22
DreamWorks Friends,Negative,20
DreamWorks Friends,Positive,24
Dresses Ideas & Fashions +3000,Positive,23
Dresses Ideas & Fashions +3000,Negative,1
Dresses Ideas & Fashions +3000,Neutral,5
Droid Zap by Motorola,Positive,15
Droid Zap by Motorola,Neutral,9
Droid Zap by Motorola,Negative,16
DroidAdmin for Android - Advice,Negative,12
DroidAdmin for Android - Advice,Positive,17
DroidAdmin for Android - Advice,Neutral,10
Dropbox,Positive,46
Dropbox,Neutral,22
Dropbox,Negative,8
Drugs.com Medication Guide,Positive,32
Drugs.com Medication Guide,Negative,3
Drugs.com Medication Guide,Neutral,4
Dude Perfect 2,Positive,56
Dude Perfect 2,Negative,22
Dude Perfect 2,Neutral,5
Dumb Ways to Die 2: The Games,Positive,20
Dumb Ways to Die 2: The Games,Negative,13
Dumb Ways to Die 2: The Games,Neutral,4
Dungeon Hunter Champions: Epic Online Action RPG,Negative,14
Dungeon Hunter Champions: Epic Online Action RPG,Positive,22
Dungeon Hunter Champions: Epic Online Action RPG,Neutral,4
Dunkin' Donuts,Positive,30
Dunkin' Donuts,Negative,3
Dunkin' Donuts,Neutral,3
Duolingo: Learn Languages Free,Positive,200
Duolingo: Learn Languages Free,Negative,34
Duolingo: Learn Languages Free,Neutral,6
DuraSpeed,Positive,13
DuraSpeed,Negative,11
DuraSpeed,Neutral,13
E*TRADE Mobile,Positive,22
E*TRADE Mobile,Negative,7
E*TRADE Mobile,Neutral,3
"Easy - taxi, car, ridesharing",Neutral,13
"Easy - taxi, car, ridesharing",Positive,28
"Easy - taxi, car, ridesharing",Negative,5
Easy Hair Style Design,Positive,23
Easy Hair Style Design,Negative,1
Easy Hair Style Design,Neutral,6
Easy Healthy Recipes,Neutral,4
Easy Healthy Recipes,Positive,25
Easy Installer - Apps On SD,Negative,8
Easy Installer - Apps On SD,Neutral,23
Easy Installer - Apps On SD,Positive,8
Easy Makeup Tutorials,Positive,19
Easy Makeup Tutorials,Neutral,11
Easy Makeup Tutorials,Negative,4
Easy Origami Ideas,Negative,11
Easy Origami Ideas,Positive,17
Easy Origami Ideas,Neutral,6
Easy Recipes,Neutral,11
Easy Recipes,Negative,5
Easy Recipes,Positive,15
Easy Voice Recorder,Neutral,3
Easy Voice Recorder,Positive,36
EasyBib: Citation Generator,Positive,15
EasyBib: Citation Generator,Neutral,13
EasyBib: Citation Generator,Negative,10
Eat Fit - Diet and Health Free,Positive,55
Eat Fit - Diet and Health Free,Negative,21
Eat Fit - Diet and Health Free,Neutral,13
Eat24 Food Delivery & Takeout,Positive,25
Eat24 Food Delivery & Takeout,Negative,8
Eat24 Food Delivery & Takeout,Neutral,7
EatStreet Food Delivery App,Positive,31
EatStreet Food Delivery App,Neutral,6
"Ebates: Cash Back, Coupons, Rewards & Savings",Positive,26
"Ebates: Cash Back, Coupons, Rewards & Savings",Neutral,7
"Ebates: Cash Back, Coupons, Rewards & Savings",Negative,5
Ebook Reader,Negative,4
Ebook Reader,Positive,31
Ebook Reader,Neutral,3
Ecobank Mobile Banking,Positive,17
Ecobank Mobile Banking,Negative,19
Ecobank Mobile Banking,Neutral,3
Edmodo,Negative,1
Edmodo,Positive,27
Edmodo,Neutral,7
Educational Games 4 Kids,Positive,26
Educational Games 4 Kids,Negative,9
Educational Games 4 Kids,Neutral,3
Educational Games for Kids,Positive,30
Educational Games for Kids,Negative,2
Educational Games for Kids,Neutral,4
El tiempo de AEMET,Neutral,6
El tiempo de AEMET,Positive,8
English with Lingualeo,Positive,4
English with Lingualeo,Negative,1
English with Lingualeo,Neutral,3
English-Myanmar Dictionary,Neutral,7
English-Myanmar Dictionary,Positive,30
English-Myanmar Dictionary,Negative,1
Entel,Positive,10
Entel,Neutral,16
Entel,Negative,13
Enterprise Rent-A-Car,Positive,31
Enterprise Rent-A-Car,Negative,5
Enterprise Rent-A-Car,Neutral,3
Episode - Choose Your Story,Positive,94
Episode - Choose Your Story,Negative,48
Episode - Choose Your Story,Neutral,18
Epocrates Plus,Negative,6
Epocrates Plus,Positive,29
Epocrates Plus,Neutral,5
Equestria Girls,Positive,42
Equestria Girls,Negative,28
Equestria Girls,Neutral,2
Essential Anatomy 3,Positive,70
Essential Anatomy 3,Negative,10
Essential Resources,Positive,31
Essential Resources,Negative,5
Essential Resources,Neutral,4
Etsy: Handmade & Vintage Goods,Positive,56
Etsy: Handmade & Vintage Goods,Negative,12
Etsy: Handmade & Vintage Goods,Neutral,8
Etta Homes,Positive,29
Etta Homes,Neutral,7
Etta Homes,Negative,3
Eurosport,Negative,13
Eurosport,Positive,16
Eurosport,Neutral,9
"Eve Period Tracker - Love, Sex & Relationships App",Positive,24
"Eve Period Tracker - Love, Sex & Relationships App",Neutral,2
"Even - organize your money, get paid early",Positive,9
"Even - organize your money, get paid early",Neutral,4
"Even - organize your money, get paid early",Negative,1
"Evernote â€?Organizer, Planner for Notes & Memos",Positive,53
"Evernote â€?Organizer, Planner for Notes & Memos",Negative,25
Evie Launcher,Positive,30
Evie Launcher,Negative,2
ExDialer - Dialer & Contacts,Positive,22
ExDialer - Dialer & Contacts,Negative,5
ExDialer - Dialer & Contacts,Neutral,2
"Expedia Hotels, Flights & Car Rental Travel Deals",Neutral,15
"Expedia Hotels, Flights & Car Rental Travel Deals",Positive,58
"Expedia Hotels, Flights & Car Rental Travel Deals",Negative,55
Expense IQ Money Manager,Positive,27
Expense IQ Money Manager,Negative,1
Expense IQ Money Manager,Neutral,3
Experian - Free Credit Report,Negative,6
Experian - Free Credit Report,Positive,15
Experian - Free Credit Report,Neutral,2
Extreme Car Driving Simulator,Positive,1
Extreme Car Driving Simulator,Negative,1
Extreme Coupon Finder,Positive,8
Extreme Coupon Finder,Negative,4
Extreme Coupon Finder,Neutral,2
Extreme Match,Negative,18
Extreme Match,Positive,57
Extreme Match,Neutral,9
Extreme Racing 2 - Real driving RC cars game!,Positive,15
Extreme Racing 2 - Real driving RC cars game!,Negative,13
Extreme Racing 2 - Real driving RC cars game!,Neutral,8
EyeCloud,Positive,21
EyeCloud,Neutral,14
EyeCloud,Negative,4
EyeEm - Camera & Photo Filter,Positive,23
EyeEm - Camera & Photo Filter,Negative,7
EyeEm - Camera & Photo Filter,Neutral,6
EzCalculator,Neutral,4
EzCalculator,Positive,30
EzCalculator,Negative,4
FBReader: Favorite Book Reader,Positive,28
FBReader: Favorite Book Reader,Negative,6
FBReader: Favorite Book Reader,Neutral,5
FERZU - Furries Social Network,Positive,25
FERZU - Furries Social Network,Negative,12
FERZU - Furries Social Network,Neutral,2
"FIFA - Tournaments, Soccer News & Live Scores",Neutral,18
"FIFA - Tournaments, Soccer News & Live Scores",Positive,40
"FIFA - Tournaments, Soccer News & Live Scores",Negative,20
FINAL FANTASY BRAVE EXVIUS,Positive,27
FINAL FANTASY BRAVE EXVIUS,Negative,11
FOSSIL Q: DESIGN YOUR DIAL,Neutral,16
FOSSIL Q: DESIGN YOUR DIAL,Positive,16
FOSSIL Q: DESIGN YOUR DIAL,Negative,1
FOX,Positive,44
FOX,Negative,22
FOX,Neutral,12
FOX NOW - On Demand & Live TV,Positive,58
FOX NOW - On Demand & Live TV,Negative,40
FOX NOW - On Demand & Live TV,Neutral,12
"FOX Sports: Live Streaming, Scores & News",Positive,22
"FOX Sports: Live Streaming, Scores & News",Negative,5
"FOX Sports: Live Streaming, Scores & News",Neutral,6
FREEDOME VPN Unlimited anonymous Wifi Security,Neutral,6
FREEDOME VPN Unlimited anonymous Wifi Security,Positive,5
"FUN Keyboard â€?Emoji Keyboard, Sticker,Theme & GIF",Positive,7
"FUN Keyboard â€?Emoji Keyboard, Sticker,Theme & GIF",Neutral,5
"Fabulous: Motivate Me! Meditate, Relax, Sleep",Positive,31
"Fabulous: Motivate Me! Meditate, Relax, Sleep",Negative,6
"Fabulous: Motivate Me! Meditate, Relax, Sleep",Neutral,3
"Face Filter, Selfie Editor - Sweet Camera",Positive,10
"Face Filter, Selfie Editor - Sweet Camera",Neutral,4
"Face Filter, Selfie Editor - Sweet Camera",Negative,3
Facebook,Positive,53
Facebook,Negative,60
Facebook,Neutral,19
Facebook Ads Manager,Positive,17
Facebook Ads Manager,Neutral,13
Facebook Ads Manager,Negative,5
Facebook Lite,Neutral,3
Facebook Lite,Positive,12
Facebook Lite,Negative,14
Facebook Local,Negative,10
Facebook Local,Positive,20
Facebook Local,Neutral,5
Facebook Pages Manager,Negative,12
Facebook Pages Manager,Positive,10
Facebook Pages Manager,Neutral,12
Facetune - Ad Free,Positive,33
Facetune - Ad Free,Neutral,4
Facetune - Ad Free,Negative,5
Fake Call - Fake Caller ID,Neutral,14
Fake Call - Fake Caller ID,Positive,45
Fake Call - Fake Caller ID,Negative,8
Fallout Shelter,Positive,27
Fallout Shelter,Neutral,1
Fallout Shelter,Negative,4
Family Album Mitene: Private Photo & Video Sharing,Positive,33
Family Album Mitene: Private Photo & Video Sharing,Negative,2
Family Album Mitene: Private Photo & Video Sharing,Neutral,4
Family Dollar,Negative,9
Family Dollar,Neutral,5
Family Dollar,Positive,21
Family GPS Tracker and Chat + Baby Monitor Online,Positive,28
Family GPS Tracker and Chat + Baby Monitor Online,Neutral,7
Family GPS Tracker and Chat + Baby Monitor Online,Negative,2
Family GPS tracker KidControl + GPS by SMS Locator,Positive,22
Family GPS tracker KidControl + GPS by SMS Locator,Negative,6
Family GPS tracker KidControl + GPS by SMS Locator,Neutral,4
Family Locator - GPS Tracker,Positive,95
Family Locator - GPS Tracker,Negative,7
Family Locator - GPS Tracker,Neutral,13
FamilySearch Tree,Positive,21
FamilySearch Tree,Negative,4
FamilySearch Tree,Neutral,5
FanDuel: Daily Fantasy Sports,Positive,8
FanDuel: Daily Fantasy Sports,Neutral,2
FanDuel: Daily Fantasy Sports,Negative,1
Fancy Widgets,Positive,13
Fancy Widgets,Negative,3
Fandango Movies - Times + Tickets,Positive,47
Fandango Movies - Times + Tickets,Negative,15
Fandango Movies - Times + Tickets,Neutral,4
Fantasy Football,Positive,31
Fantasy Football,Neutral,17
Fantasy Football,Negative,21
Fantasy Football & NFL News,Neutral,3
Fantasy Football & NFL News,Positive,29
Fantasy Football & NFL News,Negative,2
Fantasy Football Manager (FPL),Positive,24
Fantasy Football Manager (FPL),Negative,3
Fantasy Football Manager (FPL),Neutral,7
Farm Fruit Pop: Party Time,Positive,19
Farm Fruit Pop: Party Time,Neutral,6
Farm Fruit Pop: Party Time,Negative,6
Farm Heroes Saga,Positive,46
Farm Heroes Saga,Negative,43
Farm Heroes Saga,Neutral,21
Farming Simulator 14,Negative,6
Farming Simulator 14,Positive,11
Farming Simulator 18,Negative,13
Farming Simulator 18,Positive,24
Farming Simulator 18,Neutral,2
Fashion in Vogue,Positive,46
Fashion in Vogue,Negative,32
Fashion in Vogue,Neutral,35
Fast News,Negative,7
Fast News,Positive,28
Fast News,Neutral,4
Fast Scanner : Free PDF Scan,Positive,58
Fast Scanner : Free PDF Scan,Neutral,15
Fast Scanner : Free PDF Scan,Negative,1
Fast Secure VPN,Positive,37
Fast Secure VPN,Neutral,23
Fast Secure VPN,Negative,11
"FastMeet: Chat, Dating, Love",Negative,8
"FastMeet: Chat, Dating, Love",Positive,54
"FastMeet: Chat, Dating, Love",Neutral,13
Fat Burning Workout - Home Weight lose,Negative,11
Fat Burning Workout - Home Weight lose,Positive,24
Fat Burning Workout - Home Weight lose,Neutral,1
Fate/Grand Order (English),Positive,11
Fate/Grand Order (English),Negative,9
FidMe Loyalty Cards & Deals at Grocery Supermarket,Positive,6
FidMe Loyalty Cards & Deals at Grocery Supermarket,Negative,2
FidMe Loyalty Cards & Deals at Grocery Supermarket,Neutral,3
File Browser by Astro (File Manager),Negative,3
File Browser by Astro (File Manager),Positive,7
File Browser by Astro (File Manager),Neutral,2
File Explorer,Negative,3
File Explorer,Positive,14
File Explorer,Neutral,6
File Manager,Negative,3
File Manager,Positive,3
File Manager,Neutral,5
File Manager -- Take Command of Your Files Easily,Neutral,11
File Manager -- Take Command of Your Files Easily,Positive,10
File Manager -- Take Command of Your Files Easily,Negative,1
Files Go by Google: Free up space on your phone,Positive,25
Files Go by Google: Free up space on your phone,Negative,9
FilterGrid - Cam&Photo Editor,Positive,22
FilterGrid - Cam&Photo Editor,Negative,9
FilterGrid - Cam&Photo Editor,Neutral,4
Filters for B Live,Positive,13
Filters for B Live,Negative,4
Filters for B Live,Neutral,13
Filters for Selfie,Neutral,16
Filters for Selfie,Negative,16
Filters for Selfie,Positive,31
Final Fantasy XV: A New Empire,Negative,17
Final Fantasy XV: A New Empire,Positive,13
Final Fantasy XV: A New Empire,Neutral,2
Financial Times,Positive,20
Financial Times,Negative,4
Financial Times,Neutral,6
Find Dining Restaurant Finder,Positive,6
Find Dining Restaurant Finder,Negative,1
Find a Way: Addictive Puzzle,Positive,19
Find a Way: Addictive Puzzle,Negative,10
Find a Way: Addictive Puzzle,Neutral,1
Find&Save - Local Shopping,Positive,20
Find&Save - Local Shopping,Negative,7
Find&Save - Local Shopping,Neutral,4
FindShip,Negative,9
FindShip,Positive,18
FindShip,Neutral,7
Firefox Browser fast & private,Positive,45
Firefox Browser fast & private,Negative,17
Firefox Focus: The privacy browser,Negative,4
Firefox Focus: The privacy browser,Positive,50
Firefox Focus: The privacy browser,Neutral,6
Fishdom,Positive,81
Fishdom,Negative,42
Fitbit,Positive,5
Fitbit,Negative,1
Flashlight,Positive,28
Flashlight,Negative,3
Flashlight,Neutral,4
Flashlight & LED Torch,Positive,10
Flashlight & LED Torch,Neutral,14
Flashlight - Torch LED Light,Negative,2
Flashlight - Torch LED Light,Positive,21
Flashlight - Torch LED Light,Neutral,7
Flashlight HD LED,Positive,27
Flashlight HD LED,Neutral,1
Flashlight HD LED,Negative,1
Flickr,Positive,35
Flickr,Negative,19
Flickr,Neutral,10
Flight & Hotel Booking App - ixigo,Positive,21
Flight & Hotel Booking App - ixigo,Negative,6
Flight & Hotel Booking App - ixigo,Neutral,6
Flightradar24 Flight Tracker,Positive,24
Flightradar24 Flight Tracker,Negative,2
Flightradar24 Flight Tracker,Neutral,4
Flights,Positive,15
Flights,Neutral,8
Flights,Negative,3
Flip the Gun - Simulator Game,Negative,12
Flip the Gun - Simulator Game,Positive,14
FlipaClip - Cartoon animation,Positive,2
Flipboard: News For Our Time,Positive,10
Flipboard: News For Our Time,Neutral,3
Flipkart Online Shopping App,Negative,4
Flipkart Online Shopping App,Positive,19
Flipkart Online Shopping App,Neutral,5
Flipp - Weekly Shopping,Positive,22
Flipp - Weekly Shopping,Negative,2
Flippy Campus - Buy & sell on campus at a discount,Positive,26
Flippy Campus - Buy & sell on campus at a discount,Neutral,8
"FlirtChat - â™¥Free Dating/Flirting Appâ™?""",Positive,2
"FlirtChat - â™¥Free Dating/Flirting Appâ™?""I'm still learning it",Positive,2
Floor Plan Creator,Positive,26
Floor Plan Creator,Negative,3
Floor Plan Creator,Neutral,8
Flow Free,Positive,101
Flow Free,Negative,49
Flow Free,Neutral,4
Flowers Live Wallpaper,Neutral,8
Flowers Live Wallpaper,Positive,21
Flowers Live Wallpaper,Negative,4
Fly Delta,Positive,47
Fly Delta,Negative,10
Fly Delta,Neutral,14
FollowMyHealthÂ®,Positive,32
FollowMyHealthÂ®,Negative,6
Font Studio- Photo Texts Image,Positive,23
Font Studio- Photo Texts Image,Negative,10
Font Studio- Photo Texts Image,Neutral,1
Food Calorie Calculator,Negative,8
Food Calorie Calculator,Neutral,17
Food Calorie Calculator,Positive,16
Food Network,Positive,31
Food Network,Neutral,16
Food Network,Negative,24
Fooducate Healthy Weight Loss & Calorie Counter,Positive,30
Fooducate Healthy Weight Loss & Calorie Counter,Neutral,5
Fooducate Healthy Weight Loss & Calorie Counter,Negative,2
"Foot Mercato : transferts, rÃ©sultats, news, live",Positive,26
"Foot Mercato : transferts, rÃ©sultats, news, live",Neutral,7
"Foot Mercato : transferts, rÃ©sultats, news, live",Negative,3
Football Live Scores,Positive,28
Football Live Scores,Neutral,4
Football Live Scores,Negative,2
ForecaWeather,Positive,29
ForecaWeather,Negative,5
ForecaWeather,Neutral,4
Fortune City - A Finance App,Positive,41
Fortune City - A Finance App,Negative,4
Fortune City - A Finance App,Neutral,3
Four In A Line,Positive,49
Four In A Line,Negative,6
Four In A Line,Neutral,6
Four In A Line Free,Positive,18
Four In A Line Free,Negative,4
Four In A Line Free,Neutral,5
Foursquare City Guide,Positive,15
Foursquare City Guide,Negative,6
Foursquare City Guide,Neutral,7
Foursquare Swarm: Check In,Positive,9
Foursquare Swarm: Check In,Neutral,8
Foursquare Swarm: Check In,Negative,12
Fox Business,Positive,22
Fox Business,Negative,9
Fox Business,Neutral,3
"Fox News â€?Breaking News, Live Video & News Alerts",Positive,55
"Fox News â€?Breaking News, Live Video & News Alerts",Negative,42
"Fox News â€?Breaking News, Live Video & News Alerts",Neutral,8
Fraction Calculator Plus Free,Positive,23
Fraction Calculator Plus Free,Negative,5
Fraction Calculator Plus Free,Neutral,2
Free & Premium VPN - FinchVPN,Negative,3
Free & Premium VPN - FinchVPN,Positive,21
Free & Premium VPN - FinchVPN,Neutral,7
Free Dating & Flirt Chat - Choice of Love,Neutral,14
Free Dating & Flirt Chat - Choice of Love,Negative,11
Free Dating & Flirt Chat - Choice of Love,Positive,10
Free Dating App & Flirt Chat - Cheers,Neutral,10
Free Dating App & Flirt Chat - Cheers,Positive,18
Free Dating App & Flirt Chat - Cheers,Negative,4
Free Dating App & Flirt Chat - Match with Singles,Positive,21
Free Dating App & Flirt Chat - Match with Singles,Neutral,6
Free Dating App & Flirt Chat - Match with Singles,Negative,6
Free Dating App - Meet Local Singles - Flirt Chat,Positive,27
Free Dating App - Meet Local Singles - Flirt Chat,Negative,31
Free Dating App - Meet Local Singles - Flirt Chat,Neutral,9
"Free Dating App - YoCutie - Flirt, Chat & Meet",Negative,9
"Free Dating App - YoCutie - Flirt, Chat & Meet",Neutral,14
"Free Dating App - YoCutie - Flirt, Chat & Meet",Positive,36
Free Dating Hook Up Messenger,Positive,43
Free Dating Hook Up Messenger,Negative,12
Free Dating Hook Up Messenger,Neutral,9
Free Foreclosure Real Estate Search by USHUD.com,Positive,14
Free Foreclosure Real Estate Search by USHUD.com,Neutral,9
Free Foreclosure Real Estate Search by USHUD.com,Negative,14
Free Hypnosis,Positive,14
Free Hypnosis,Negative,1
Free Live Talk-Video Call,Negative,1
Free Panda Radio Music,Neutral,3
Free Panda Radio Music,Positive,3
Free Sports TV,Neutral,4
Free Sports TV,Positive,16
Free Sports TV,Negative,7
"Free TV Shows App:News, TV Series, Episode, Movies",Positive,28
"Free TV Shows App:News, TV Series, Episode, Movies",Negative,5
"Free TV Shows App:News, TV Series, Episode, Movies",Neutral,4
Free VIN Report for Used Cars,Positive,26
Free VIN Report for Used Cars,Negative,3
Free VIN Report for Used Cars,Neutral,6
Free live weather on screen,Positive,29
Free live weather on screen,Neutral,7
Free live weather on screen,Negative,2
"Free phone calls, free texting SMS on free number",Positive,25
"Free phone calls, free texting SMS on free number",Negative,7
"Free phone calls, free texting SMS on free number",Neutral,4
FreePrints â€?Free Photos Delivered,Positive,30
FreePrints â€?Free Photos Delivered,Negative,2
FreePrints â€?Free Photos Delivered,Neutral,1
Freeletics: Personal Trainer & Fitness Workouts,Positive,20
Freeletics: Personal Trainer & Fitness Workouts,Neutral,11
Freeletics: Personal Trainer & Fitness Workouts,Negative,1
Freeme Launcherâ€”Stylish Theme,Neutral,8
Freeme Launcherâ€”Stylish Theme,Negative,5
Freeme Launcherâ€”Stylish Theme,Positive,22
Fresh EBT - Food Stamp Balance,Negative,7
Fresh EBT - Food Stamp Balance,Positive,21
Fresh EBT - Food Stamp Balance,Neutral,5
FreshBooks Classic,Positive,41
FreshBooks Classic,Negative,20
FreshBooks Classic,Neutral,16
Frontback - Social Photos,Positive,20
Frontback - Social Photos,Neutral,7
Frontback - Social Photos,Negative,8
Frozen Free Fall,Positive,28
Frozen Free Fall,Negative,25
Frozen Free Fall,Neutral,6
Fruit Block - Puzzle Legend,Negative,1
Fruit NinjaÂ®,Positive,22
Fruit NinjaÂ®,Neutral,3
Fruit NinjaÂ®,Negative,6
Fruits Bomb,Positive,59
Fruits Bomb,Negative,12
Fruits Bomb,Neutral,8
Fuelio: Gas log & costs,Negative,3
Fuelio: Gas log & costs,Neutral,12
Fuelio: Gas log & costs,Positive,73
Full Screen Caller ID,Positive,21
Full Screen Caller ID,Neutral,9
Full Screen Caller ID,Negative,1
Fun Kid Racing,Negative,4
Fun Kid Racing,Positive,24
Fun Kid Racing,Neutral,5
Fun Kid Racing - Motocross,Negative,6
Fun Kid Racing - Motocross,Positive,21
Fun Kid Racing - Motocross,Neutral,3
Funny Alarm Clock Ringtones,Positive,17
Funny Alarm Clock Ringtones,Negative,10
Funny Pics,Positive,13
Funny Pics,Neutral,1
Funny Pics,Negative,1
Fuzzy Seasons: Animal Forest,Negative,3
Fuzzy Seasons: Animal Forest,Positive,11
G Cloud Backup,Positive,18
G Cloud Backup,Negative,4
G Cloud Backup,Neutral,1
"GCash - Buy Load, Pay Bills, Send Money",Positive,10
"GCash - Buy Load, Pay Bills, Send Money",Negative,8
"GCash - Buy Load, Pay Bills, Send Money",Neutral,15
GMAT Math Flashcards,Positive,34
GMAT Math Flashcards,Negative,1
GMAT Math Flashcards,Neutral,1
GMAT Question Bank,Positive,24
GMAT Question Bank,Negative,4
GMAT Question Bank,Neutral,6
GMX Mail,Positive,23
GMX Mail,Negative,3
GMX Mail,Neutral,4
"GO Keyboard - Cute Emojis, Themes and GIFs",Negative,1
"GO Keyboard - Cute Emojis, Themes and GIFs",Positive,15
"GO Keyboard - Cute Emojis, Themes and GIFs",Neutral,13
"GO Keyboard - Emoticon keyboard, Free Theme, GIF",Positive,20
"GO Keyboard - Emoticon keyboard, Free Theme, GIF",Neutral,9
"GO Keyboard - Emoticon keyboard, Free Theme, GIF",Negative,4
GO Notifier,Positive,21
GO Notifier,Neutral,5
GO Notifier,Negative,8
"GO SMS Pro - Messenger, Free Themes, Emoji",Positive,13
"GO SMS Pro - Messenger, Free Themes, Emoji",Negative,4
"GO SMS Pro - Messenger, Free Themes, Emoji",Neutral,9
"GO Weather - Widget, Theme, Wallpaper, Efficient",Positive,14
"GO Weather - Widget, Theme, Wallpaper, Efficient",Negative,4
"GO Weather - Widget, Theme, Wallpaper, Efficient",Neutral,4
GPS Map Free,Positive,1
GPS Speedometer and Odometer,Positive,4
"GPS Speedometer, Distance Meter",Negative,5
"GPS Speedometer, Distance Meter",Positive,24
"GPS Speedometer, Distance Meter",Neutral,3
GPS Status & Toolbox,Positive,26
GPS Status & Toolbox,Negative,3
GPS Status & Toolbox,Neutral,6
GPS Traffic Speedcam Route Planner by ViaMichelin,Neutral,5
GPS Traffic Speedcam Route Planner by ViaMichelin,Positive,25
GPS Traffic Speedcam Route Planner by ViaMichelin,Negative,6
GRE Flashcards,Positive,28
GRE Flashcards,Neutral,4
GRE Flashcards,Negative,4
GRE Prep & Practice by Magoosh,Positive,28
GRE Prep & Practice by Magoosh,Negative,1
GRE Prep & Practice by Magoosh,Neutral,7
GRE Tutor,Positive,32
GRE Tutor,Neutral,5
GRE Tutor,Negative,2
GS SHOP,Positive,21
GS SHOP,Neutral,14
GS SHOP,Negative,2
GUNSHIP BATTLE: Helicopter 3D,Positive,18
GUNSHIP BATTLE: Helicopter 3D,Negative,11
GUNSHIP BATTLE: Helicopter 3D,Neutral,5
Galactic Core Free Wallpaper,Positive,30
Galactic Core Free Wallpaper,Negative,5
Galactic Core Free Wallpaper,Neutral,1
Galaxy Attack: Alien Shooter,Positive,83
Galaxy Attack: Alien Shooter,Negative,43
Galaxy Attack: Alien Shooter,Neutral,8
"Game of Thrones: Conquestâ„?""No skill needed play game",Negative,1
"Game of Thrones: Conquestâ„?""Very much like kingdoms Camelot",Positive,1
"Gametime - Tickets to Sports, Concerts, Theater",Positive,33
"Gametime - Tickets to Sports, Concerts, Theater",Negative,2
"Gametime - Tickets to Sports, Concerts, Theater",Neutral,2
Garden Coloring Book,Positive,60
Garden Coloring Book,Neutral,11
Garden Coloring Book,Negative,8
Garden Fruit Legend,Positive,29
Garden Fruit Legend,Negative,8
Garden Fruit Legend,Neutral,2
Garden Photo Frames - Garden Photo Editor,Positive,25
Garden Photo Frames - Garden Photo Editor,Negative,4
Garden Photo Frames - Garden Photo Editor,Neutral,11
Gardenscapes,Positive,70
Gardenscapes,Negative,63
Garena Free Fire,Positive,136
Garena Free Fire,Negative,81
Garena Free Fire,Neutral,5
"Garmin Connectâ„?""The good. It tracks steps",Positive,1
"Garmin Connectâ„?""The smart notifications need fixed. Everytime updated",Negative,1
"Garmin Connectâ„?""It's useful but",Positive,1
"Garmin Connectâ„?""""""We release new features updates every month"""" Like what? Where they? What's new meant show exactly that",Positive,1
"Garmin Connectâ„?""Great app",Positive,1
"Garmin Connectâ„?""The periodically supposedly connected phone syncing steps",Negative,1
"Garmin Connectâ„?""I like app",Negative,1
"Garmin Connectâ„?""I like",Positive,1
GasBuddy: Find Cheap Gas,Positive,29
GasBuddy: Find Cheap Gas,Negative,7
GasBuddy: Find Cheap Gas,Neutral,4
Gay Sugar Daddy Dating & Hookup â€?Sudy Gay,Negative,16
Gay Sugar Daddy Dating & Hookup â€?Sudy Gay,Positive,50
Gay Sugar Daddy Dating & Hookup â€?Sudy Gay,Neutral,12
Gboard - the Google Keyboard,Positive,38
Gboard - the Google Keyboard,Negative,32
Gboard - the Google Keyboard,Neutral,2
Gems or jewels ?,Negative,8
Gems or jewels ?,Neutral,9
Gems or jewels ?,Positive,21
Genius Scan - PDF Scanner,Positive,11
Genius Scan - PDF Scanner,Negative,1
Genius Scan - PDF Scanner,Neutral,1
Gmail,Neutral,9
Gmail,Positive,33
Gmail,Negative,22
GoBank,Positive,19
GoBank,Negative,16
GoBank,Neutral,4
GoPro (formerly Capture),Positive,15
GoPro (formerly Capture),Negative,23
GoPro (formerly Capture),Neutral,1
Goal Live Scores,Positive,27
Goal Live Scores,Negative,9
Goal Live Scores,Neutral,4
Goibibo - Flight Hotel Bus Car IRCTC Booking App,Negative,4
Goibibo - Flight Hotel Bus Car IRCTC Booking App,Positive,27
Goibibo - Flight Hotel Bus Car IRCTC Booking App,Neutral,7
Goku Wallpaper Art,Positive,25
Goku Wallpaper Art,Neutral,9
Goku Wallpaper Art,Negative,1
Gold Butterfly Keyboard Theme,Positive,30
Gold Butterfly Keyboard Theme,Negative,3
Gold Butterfly Keyboard Theme,Neutral,6
Golden Dictionary (EN-AR),Positive,25
Golden Dictionary (EN-AR),Negative,3
Golden Dictionary (EN-AR),Neutral,9
Golden Launcher,Positive,31
Golden Launcher,Neutral,6
Golden Launcher,Negative,1
Goldstar: Live Event Tickets,Positive,38
Goldstar: Live Event Tickets,Neutral,2
Golf Channel,Negative,19
Golf Channel,Positive,12
Golf Channel,Neutral,9
Golf GPS Rangefinder: Golf Pad,Positive,31
Golf GPS Rangefinder: Golf Pad,Negative,6
Golf GPS Rangefinder: Golf Pad,Neutral,2
Golf GPS by SwingxSwing,Negative,7
Golf GPS by SwingxSwing,Positive,32
Golf GPS by SwingxSwing,Neutral,1
GolfLogix GPS + Putt Breaks,Negative,18
GolfLogix GPS + Putt Breaks,Positive,15
GolfLogix GPS + Putt Breaks,Neutral,6
"GolfNow: Tee Time Deals at Golf Courses, Golf GPS",Positive,29
"GolfNow: Tee Time Deals at Golf Courses, Golf GPS",Negative,6
"GolfNow: Tee Time Deals at Golf Courses, Golf GPS",Neutral,3
Golfshot Plus: Golf GPS,Negative,3
Golfshot Plus: Golf GPS,Positive,30
Golfshot Plus: Golf GPS,Neutral,7
Golfshot: Golf GPS + Tee Times,Positive,60
Golfshot: Golf GPS + Tee Times,Negative,6
Golfshot: Golf GPS + Tee Times,Neutral,14
GoodRx Drug Prices and Coupons,Positive,24
GoodRx Drug Prices and Coupons,Neutral,10
GoodRx Drug Prices and Coupons,Negative,3
Google,Positive,28
Google,Neutral,7
Google,Negative,3
Google Ads,Negative,18
Google Ads,Neutral,13
Google Ads,Positive,41
Google Duo - High Quality Video Calls,Positive,15
Google Duo - High Quality Video Calls,Neutral,1
Google Duo - High Quality Video Calls,Negative,2
Google Earth,Positive,23
Google Earth,Negative,10
Google Earth,Neutral,5
Google Fit - Fitness Tracking,Positive,22
Google Fit - Fitness Tracking,Negative,12
Google Fit - Fitness Tracking,Neutral,6
Google Handwriting Input,Positive,21
Google Handwriting Input,Negative,1
Google Handwriting Input,Neutral,16
Google Keep,Neutral,9
Google Keep,Positive,81
Google Keep,Negative,30
Google My Business,Negative,9
Google My Business,Positive,69
Google My Business,Neutral,39
Google News,Positive,78
Google News,Negative,39
Google PDF Viewer,Negative,22
Google PDF Viewer,Positive,44
Google PDF Viewer,Neutral,14
Google Pay,Negative,30
Google Pay,Positive,81
Google Pay,Neutral,6
Google Photos,Positive,143
Google Photos,Negative,47
Google Photos,Neutral,1
Google Primer,Positive,2
Google Slides,Positive,1
Google Street View,Negative,3
Google Street View,Neutral,1
Google Translate,Positive,2
Google Trips - Travel Planner,Positive,1
Google Voice,Positive,4
Google Voice,Neutral,4
Google+,Positive,2
Granny,Positive,19
Granny,Negative,10
Graphing Calculator,Positive,52
Graphing Calculator,Negative,13
Graphing Calculator,Neutral,14
Grim Soul: Dark Fantasy Survival,Positive,22
Grim Soul: Dark Fantasy Survival,Negative,13
Grim Soul: Dark Fantasy Survival,Neutral,1
Groovebook Photo Books & Gifts,Positive,30
Groovebook Photo Books & Gifts,Negative,8
Groovebook Photo Books & Gifts,Neutral,1
GroupMe,Positive,28
GroupMe,Negative,11
"Groupon - Shop Deals, Discounts & Coupons",Positive,95
"Groupon - Shop Deals, Discounts & Coupons",Neutral,15
"Groupon - Shop Deals, Discounts & Coupons",Negative,10
Grubhub: Food Delivery,Negative,20
Grubhub: Food Delivery,Positive,40
Grubhub: Food Delivery,Neutral,16
Guns of Glory,Negative,23
Guns of Glory,Positive,14
Guns of Glory,Neutral,3
Gyft - Mobile Gift Card Wallet,Negative,48
Gyft - Mobile Gift Card Wallet,Positive,54
Gyft - Mobile Gift Card Wallet,Neutral,18
H Pack,Neutral,10
H Pack,Positive,20
H Pack,Negative,10
H TV,Positive,25
H TV,Neutral,11
H TV,Negative,3
H&M,Negative,16
H&M,Positive,20
H&M,Neutral,1
HBO GO: Stream with TV Package,Positive,6
HBO GO: Stream with TV Package,Negative,17
HBO GO: Stream with TV Package,Neutral,2
HD Camera,Neutral,1
HD Camera - Best Cam with filters & panorama,Positive,8
HD Camera - Best Cam with filters & panorama,Negative,2
HD Camera - Best Cam with filters & panorama,Neutral,2
HD Camera - Quick Snap Photo & Video,Positive,12
HD Camera - Quick Snap Photo & Video,Neutral,4
HD Camera Pro for Android,Negative,6
HD Camera Pro for Android,Positive,10
HD Camera Pro for Android,Neutral,1
HD Camera Ultra,Positive,13
HD Camera Ultra,Negative,5
HD Camera for Android,Positive,40
HD Camera for Android,Negative,2
HD Camera for Android,Neutral,10
HD Movie Video Player,Positive,21
HD Movie Video Player,Negative,8
HD Movie Video Player,Neutral,2
HD Video Player,Positive,18
HD Video Player,Negative,5
HD Video Player,Neutral,15
HD Widgets,Positive,23
HD Widgets,Negative,8
HDFC Bank MobileBanking,Positive,25
HDFC Bank MobileBanking,Negative,9
HDFC Bank MobileBanking,Neutral,1
HESI A2 Pocket Prep,Positive,23
HESI A2 Pocket Prep,Neutral,6
HESI A2 Pocket Prep,Negative,1
HISTORY: Watch TV Show Full Episodes & Specials,Positive,49
HISTORY: Watch TV Show Full Episodes & Specials,Negative,10
HISTORY: Watch TV Show Full Episodes & Specials,Neutral,2
HTC Calendar,Negative,2
HTC Calendar,Positive,1
HTC File Manager,Neutral,13
HTC File Manager,Positive,5
HTC File Manager,Negative,3
HTC Gallery,Positive,14
HTC Gallery,Neutral,2
HTC Gallery,Negative,12
HTC Help,Positive,16
HTC Help,Neutral,15
HTC Help,Negative,9
HTC Lock Screen,Positive,12
HTC Lock Screen,Negative,16
HTC Lock Screen,Neutral,10
HTC Mail,Negative,11
HTC Mail,Positive,24
HTC Mail,Neutral,5
HTC Sense Input,Neutral,12
HTC Sense Input,Negative,13
HTC Sense Input,Positive,15
HTC Sense Input-AR,Positive,19
HTC Sense Input-AR,Neutral,16
HTC Sense Input-AR,Negative,5
HTC Service ï¼?DLNA,Positive,19
HTC Service ï¼?DLNA,Negative,10
HTC Service ï¼?DLNA,Neutral,8
HTC Serviceâ€”Video Player,Negative,17
HTC Serviceâ€”Video Player,Positive,22
HTC Serviceâ€”Video Player,Neutral,1
HTC Social Plugin - Facebook,Neutral,5
HTC Social Plugin - Facebook,Positive,14
HTC Social Plugin - Facebook,Negative,20
HTC Speak,Negative,12
HTC Speak,Positive,16
HTC Speak,Neutral,11
HTC Weather,Positive,22
HTC Weather,Negative,10
HTC Weather,Neutral,6
Hacker's Keyboard,Positive,36
Hacker's Keyboard,Negative,4
Hairstyles step by step,Positive,67
Hairstyles step by step,Negative,4
Hairstyles step by step,Neutral,10
Hamilton â€?The Official App,Positive,21
Hamilton â€?The Official App,Negative,7
Hamilton â€?The Official App,Neutral,8
Hangouts,Positive,86
Hangouts,Neutral,16
Hangouts,Negative,12
Happify,Positive,3
Happify,Neutral,1
Happy Birthday Songs Offline,Positive,14
Happy Birthday Songs Offline,Negative,2
Happy Birthday Songs Offline,Neutral,1
Happy Fruits Bomb - Cube Blast,Negative,7
Happy Fruits Bomb - Cube Blast,Positive,13
Happy Fruits Bomb - Cube Blast,Neutral,5
Happy Street,Positive,13
Happy Street,Neutral,1
Happy Street,Negative,8
Harkins Theatres,Negative,6
Harkins Theatres,Positive,12
Harkins Theatres,Neutral,4
Harry Potter: Hogwarts Mystery,Negative,14
Harry Potter: Hogwarts Mystery,Positive,40
HauteLook,Positive,15
HauteLook,Neutral,8
HauteLook,Negative,10
Hay Day,Positive,31
Hay Day,Negative,24
Hay Day,Neutral,3
Haystack TV: Local & World News - Free,Positive,13
Haystack TV: Local & World News - Free,Neutral,2
Headspace: Meditation & Mindfulness,Neutral,2
Headspace: Meditation & Mindfulness,Positive,9
Health and Nutrition Guide,Neutral,18
Health and Nutrition Guide,Positive,88
Health and Nutrition Guide,Negative,6
HealtheLife,Positive,14
HealtheLife,Negative,12
HealtheLife,Neutral,14
Healthy Recipes Free,Neutral,7
Healthy Recipes Free,Positive,31
Healthy Recipes Free,Negative,1
Helix Jump,Negative,58
Helix Jump,Positive,209
Helix Jump,Neutral,6
Hello Kitty Lunchbox,Positive,19
Hello Kitty Lunchbox,Negative,12
Hello Kitty Lunchbox,Neutral,3
Hello Kitty Nail Salon,Negative,19
Hello Kitty Nail Salon,Positive,32
Hello Stars,Positive,40
Hello Stars,Negative,16
Hello Stars,Neutral,11
"HelloTalk â€?Chat, Speak & Learn Foreign Languages",Negative,1
"HelloTalk â€?Chat, Speak & Learn Foreign Languages",Positive,2
Hero Hunters,Positive,16
Hero Hunters,Negative,12
Hero Hunters,Neutral,2
"Herpes Dating: 1,000K+ Singles",Positive,20
"Herpes Dating: 1,000K+ Singles",Negative,7
"Herpes Dating: 1,000K+ Singles",Neutral,5
Herpes Positive Singles Dating,Negative,3
Herpes Positive Singles Dating,Positive,21
Herpes Positive Singles Dating,Neutral,4
"Hide App, Private Dating, Safe Chat - PrivacyHider",Positive,21
"Hide App, Private Dating, Safe Chat - PrivacyHider",Negative,24
"Hide App, Private Dating, Safe Chat - PrivacyHider",Neutral,8
"Hide Something - Photo, Video",Positive,21
"Hide Something - Photo, Video",Negative,5
"Hide Something - Photo, Video",Neutral,4
Hideman VPN,Neutral,10
Hideman VPN,Negative,9
Hideman VPN,Positive,12
High Blood Pressure Symptoms,Negative,5
High Blood Pressure Symptoms,Positive,28
High Blood Pressure Symptoms,Neutral,4
High-Powered Flashlight,Positive,24
High-Powered Flashlight,Neutral,9
High-Powered Flashlight,Negative,1
"High-Speed Camera (GIF,Burst)",Positive,18
"High-Speed Camera (GIF,Burst)",Negative,3
"High-Speed Camera (GIF,Burst)",Neutral,6
Hill Climb Racing,Negative,13
Hill Climb Racing,Positive,31
Hill Climb Racing 2,Negative,11
Hill Climb Racing 2,Positive,47
Hill Climb Racing 2,Neutral,6
"Hily: Dating, Chat, Match, Meet & Hook up",Positive,56
"Hily: Dating, Chat, Match, Meet & Hook up",Negative,29
"Hily: Dating, Chat, Match, Meet & Hook up",Neutral,17
Hinge: Dating & Relationships,Positive,51
Hinge: Dating & Relationships,Negative,11
Hinge: Dating & Relationships,Neutral,7
HipChat - Chat Built for Teams,Positive,19
HipChat - Chat Built for Teams,Neutral,21
HipChat - Chat Built for Teams,Negative,26
Hipmunk Hotels & Flights,Positive,30
Hipmunk Hotels & Flights,Neutral,4
Hipmunk Hotels & Flights,Negative,1
Hitwe - meet people and chat,Positive,2
Hitwe - meet people and chat,Negative,7
"Hole19: Golf GPS App, Rangefinder & Scorecard",Positive,18
"Hole19: Golf GPS App, Rangefinder & Scorecard",Neutral,1
Home Decor Showpiece Art making: Medium Difficulty,Negative,5
Home Decor Showpiece Art making: Medium Difficulty,Positive,16
Home Decor Showpiece Art making: Medium Difficulty,Neutral,4
Home ScoutingÂ® MLS Mobile,Negative,12
Home ScoutingÂ® MLS Mobile,Positive,13
Home ScoutingÂ® MLS Mobile,Neutral,7
Home Security Camera WardenCam - reuse old phones,Positive,18
Home Security Camera WardenCam - reuse old phones,Negative,4
Home Security Camera WardenCam - reuse old phones,Neutral,4
Home Street â€?Home Design Game,Positive,42
Home Street â€?Home Design Game,Negative,13
Home Street â€?Home Design Game,Neutral,2
Home Workout - No Equipment,Positive,24
Home Workout - No Equipment,Neutral,1
Home Workout - No Equipment,Negative,1
Home Workout for Men - Bodybuilding,Positive,22
Home Workout for Men - Bodybuilding,Neutral,4
"Home workouts - fat burning, abs, legs, arms,chest",Positive,7
HomeWork,Positive,1
"Homes.com ğŸ  For Sale, Rent",Positive,11
"Homes.com ğŸ  For Sale, Rent",Neutral,7
"Homes.com ğŸ  For Sale, Rent",Negative,3
Homescapes,Positive,27
Homescapes,Negative,25
Homesnap Real Estate & Rentals,Positive,25
Homesnap Real Estate & Rentals,Negative,6
Homesnap Real Estate & Rentals,Neutral,4
Homestyler Interior Design & Decorating Ideas,Positive,19
Homestyler Interior Design & Decorating Ideas,Neutral,8
Homestyler Interior Design & Decorating Ideas,Negative,7
Homework Planner,Negative,4
Homework Planner,Positive,33
Honkai Impact 3rd,Positive,48
Honkai Impact 3rd,Negative,22
Hopper - Watch & Book Flights,Positive,54
Hopper - Watch & Book Flights,Negative,18
Hopper - Watch & Book Flights,Neutral,4
Horoscopes â€?Daily Zodiac Horoscope and Astrology,Neutral,13
Horoscopes â€?Daily Zodiac Horoscope and Astrology,Positive,21
Horoscopes â€?Daily Zodiac Horoscope and Astrology,Negative,1
Horses Live Wallpaper,Neutral,9
Horses Live Wallpaper,Positive,22
Horses Live Wallpaper,Negative,2
Hostelworld: Hostels & Cheap Hotels Travel App,Positive,42
Hostelworld: Hostels & Cheap Hotels Travel App,Negative,12
Hostelworld: Hostels & Cheap Hotels Travel App,Neutral,11
Hot Wheels: Race Off,Positive,14
Hot Wheels: Race Off,Negative,6
HotelTonight: Book amazing deals at great hotels,Positive,93
HotelTonight: Book amazing deals at great hotels,Negative,17
HotelTonight: Book amazing deals at great hotels,Neutral,17
Hotels Combined - Cheap deals,Negative,7
Hotels Combined - Cheap deals,Positive,15
Hotels Combined - Cheap deals,Neutral,14
Hotels.com: Book Hotel Rooms & Find Vacation Deals,Positive,39
Hotels.com: Book Hotel Rooms & Find Vacation Deals,Negative,21
Hotels.com: Book Hotel Rooms & Find Vacation Deals,Neutral,8
Hotspot Shield Free VPN Proxy & Wi-Fi Security,Negative,3
Hotspot Shield Free VPN Proxy & Wi-Fi Security,Positive,17
Hotspot Shield Free VPN Proxy & Wi-Fi Security,Neutral,14
Hotstar,Neutral,4
Hotstar,Positive,14
Hotstar,Negative,14
Hotwire Hotel & Car Rental App,Negative,6
Hotwire Hotel & Car Rental App,Positive,16
Hotwire Hotel & Car Rental App,Neutral,11
Housing-Real Estate & Property,Negative,10
Housing-Real Estate & Property,Positive,8
Housing-Real Estate & Property,Neutral,3
